0,25,2,0.09375,2.06158,0.03125,0.521895,0.03125,1.20948,0.0625,1.21923,0.046875,1.09259,0.0625,1.30708,0.03125,0.521895,0.03125,1.29232,0.03125,0.521895,0.078125,1.55301,0.03125,0.521895,0.03125,0.521895,0.046875,1.01618,0.046875,0.921895,0.046875,0.921895,0.03125,1.19161,0.0625,1.21923,0.0625,1.2647,0.0625,1.30708,0.046875,1.38541,0.03125,0.521895,0.03125,0.521895,0.03125,0.521895,0.03125,1.19161,0.015625,0.988562,
1,25,2,0.03125,0.533333,0.0625,1.11519,0.0625,1.18519,0.03125,0.533333,0.03125,0.533333,0.09375,1.7383,0.015625,0.733333,0.0625,1.18519,0.046875,1.0714,0.046875,1.03235,0.03125,1.11519,0.0625,1.36231,0.046875,0.827614,0.046875,1.03235,0.046875,1.27947,0.0625,1.10376,0.03125,0.533333,0.03125,0.533333,0.078125,1.60993,0.046875,0.933333,0.03125,0.533333,0.015625,0.733333,0.03125,0.533333,0.015625,0.733333,0.03125,0.533333,
2,25,2,0.03125,0.533333,0.0625,0.887581,0.03125,0.466667,0.0625,1.46826,0.03125,0.533333,0.03125,0.533333,0.0625,1.32185,0.03125,1.07614,0.0625,0.899019,0.046875,0.666667,0.046875,0.8,0.0625,0.899019,0.046875,0.666667,0.046875,0.666667,0.046875,0.8,0.0625,0.887581,0.03125,0.466667,0.046875,1.15425,0.0625,0.887581,0.046875,0.666667,0.0625,0.887581,0.0625,1.29232,0.0625,0.954247,0.0625,0.887581,0.046875,1.11519,
3,25,2,0.046875,0.921895,0.0625,0.6,0.0625,0.6,0.0625,0.820914,0.03125,0.4,0.03125,0.866667,0.03125,0.4,0.03125,0.333333,0.0625,1.3835,0.0625,0.820914,0.03125,0.4,0.046875,0.8,0.046875,0.8,0.0625,0.6,0.0625,0.859966,0.03125,0.333333,0.03125,0.4,0.046875,1.05997,0.03125,0.333333,0.078125,1.61658,0.046875,1.04379,0.046875,0.6,0.046875,0.8,0.0625,0.6,0.0625,0.859966,
4,25,2,0.03125,0.266667,0.03125,0.466667,0.09375,1.59663,0.0625,0.533333,0.0625,0.6,0.0625,1.42255,0.0625,0.533333,0.09375,1.72522,0.0625,1.15425,0.0625,0.6,0.0625,0.7933,0.046875,0.733333,0.078125,1.32517,0.03125,0.266667,0.078125,1.2647,0.078125,1.12663,0.046875,0.533333,0.046875,0.8,0.046875,0.933333,0.078125,1.12663,0.0625,0.6,0.046875,0.533333,0.046875,0.8,0.0625,0.533333,0.0625,0.820914,
5,25,2,0.046875,0.933333,0.03125,0.2,0.03125,0.333333,0.078125,1.26019,0.0625,0.533333,0.09375,1.80975,0.03125,0.2,0.0625,0.738071,0.046875,0.894281,0.0625,1.23709,0.046875,0.8,0.078125,1.12021,0.046875,0.8,0.03125,0.8,0.0625,1.04379,0.03125,0.8,0.03125,0.333333,0.0625,0.533333,0.03125,0.333333,0.0625,0.588562,0.0625,1.2647,0.046875,0.8,0.046875,0.466667,0.0625,1.23709,0.078125,1.21139,
6,25,2,0.0625,0.4,0.03125,0.0666667,0.0625,0.4,0.046875,0.666667,0.0625,1.14281,0.046875,0.8,0.0625,0.6,0.09375,1.68617,0.046875,0.8,0.046875,0.866667,0.0625,0.977124,0.03125,0.0666667,0.0625,1.23709,0.0625,0.560948,0.046875,0.733333,0.0625,1.2647,0.03125,0.0666667,0.046875,0.8,0.046875,0.666667,0.0625,1.20948,0.046875,0.733333,0.0625,1.15425,0.03125,0.266667,0.0625,0.4,0.046875,0.8,
7,25,2,0.03125,0,0.0625,0.266667,0.046875,0.733333,0.03125,0,0.046875,0.866667,0.046875,0.733333,0.046875,0.8,0.0625,0.266667,0.0625,0.266667,0.078125,1.09902,0.0625,1.02091,0.03125,0.788562,0.03125,0.2,0.0625,1.17042,0.078125,0.866667,0.03125,0,0.03125,0,0.0625,0.333333,0.0625,0.533333,0.0625,0.266667,0.03125,0.2,0.03125,0.866667,0.0625,0.533333,0.078125,0.866667,0.046875,0.733333,
8,25,2,0.078125,1.03235,0.0625,0.988562,0.046875,0.8,0.046875,0.8,0.0625,0.333333,0.03125,0,0.0625,0.266667,0.078125,1.1121,0.03125,0,0.03125,0,0.0625,1.14281,0.03125,0,0.078125,1.00474,0.046875,0.866667,0.03125,0,0.0625,1.04379,0.078125,1.36422,0.03125,0,0.046875,0.666667,0.03125,0,0.046875,0.733333,0.03125,0,0.046875,0.8,0.03125,0,0.0625,0.894281,
9,25,2,0.0625,0.533333,0.0625,1.09902,0.078125,0.975436,0.0625,0.2,0.03125,0,0.0625,1.23709,0.0625,0.2,0.0625,0.533333,0.0625,0.2,0.0625,0.533333,0.09375,1.34946,0.0625,0.2,0.046875,0.933333,0.03125,0,0.078125,0.866667,0.046875,0.666667,0.078125,1.25185,0.078125,0.866667,0.046875,0.666667,0.03125,0.8,0.03125,0,0.046875,0.8,0.046875,0.666667,0.046875,0.8,0.03125,0,
10,25,2,0.046875,0.466667,0.0625,0.4,0.0625,0.4,0.078125,0.921895,0.0625,1.18186,0.0625,1.18186,0.078125,1.50421,0.09375,1.60806,0.03125,0,0.078125,0.921895,0.03125,0,0.046875,0.8,0.09375,1.59539,0.03125,0,0.09375,1.35589,0.0625,0.266667,0.046875,0.733333,0.03125,0,0.046875,0.8,0.0625,0.4,0.03125,0,0.0625,1.14281,0.0625,0.4,0.046875,0.733333,0.0625,0.4,
11,25,2,0.03125,0,0.046875,0.8,0.0625,0.466667,0.0625,0.0666667,0.0625,0.933333,0.109375,1.54659,0.046875,0.8,0.09375,1.20948,0.0625,0.0666667,0.0625,0.0666667,0.078125,0.733333,0.046875,0.666667,0.078125,0.733333,0.078125,0.827614,0.0625,0.921895,0.09375,1.18186,0.078125,0.8,0.0625,0.0666667,0.0625,0.0666667,0.0625,0.0666667,0.078125,1.0714,0.046875,0.733333,0.03125,0,0.03125,0,0.09375,1.2647,
12,25,2,0.0625,1.18186,0.0625,0.2,0.0625,0.2,0.03125,0,0.046875,0.8,0.109375,1.60993,0.0625,1.02091,0.09375,1.05997,0.109375,1.55301,0.09375,1.35589,0.03125,0,0.0625,1.12663,0.015625,0.8,0.046875,0.8,0.0625,0.866667,0.046875,0.666667,0.046875,0.733333,0.078125,1.30066,0.078125,1.10234,0.0625,0.2,0.078125,0.933333,0.03125,0,0.046875,0.733333,0.078125,0.933333,0.09375,1.14281,
13,25,2,0.03125,0,0.078125,0.965685,0.078125,1.23709,0.078125,0.949509,0.046875,0.6,0.03125,0,0.03125,0,0.078125,1.55301,0.046875,0.466667,0.046875,0.933333,0.0625,0.977124,0.046875,0.666667,0.0625,0.733333,0.078125,0.733333,0.078125,1.18519,0.03125,0,0.0625,0.266667,0.109375,1.46994,0.046875,0.666667,0.0625,0.733333,0.078125,1.18186,0.046875,0.666667,0.046875,0.666667,0.09375,1.20948,0.0625,0.4,
14,25,2,0.0625,1.0714,0.109375,1.77402,0.078125,1.23709,0.046875,0.4,0.0625,1.04379,0.0625,0.8,0.078125,1.36231,0.0625,0.0666667,0.078125,0.894281,0.09375,1.20948,0.078125,0.666667,0.0625,1.41945,0.09375,1.46183,0.046875,0.666667,0.09375,1.08758,0.078125,0.666667,0.09375,1.61658,0.03125,0,0.0625,0.0666667,0.0625,0.0666667,0.078125,1.32185,0.0625,0.8,0.078125,0.855228,0.078125,0.933333,0.0625,0.8,
15,25,2,0.09375,0.910457,0.078125,1.35589,0.046875,0.4,0.046875,0.6,0.0625,0.266667,0.03125,0,0.0625,0.333333,0.0625,0.84379,0.09375,0.816176,0.046875,0.533333,0.078125,0.933333,0.0625,0,0.078125,0.666667,0.109375,1.59539,0.078125,1.26994,0.09375,0.816176,0.046875,0.533333,0.0625,0,0.078125,0.666667,0.0625,0.333333,0.09375,0.938071,0.046875,0.733333,0.09375,1.31542,0.046875,0.6,0.0625,1.01618,
16,25,2,0.09375,0.816176,0.09375,0.788562,0.09375,1.08758,0.109375,1.66352,0.09375,1.08758,0.046875,0.333333,0.046875,0.333333,0.09375,1.74162,0.078125,0.866667,0.078125,0.6,0.046875,0.266667,0.09375,1.40469,0.0625,0,0.109375,1.32827,0.046875,0.266667,0.078125,0.6,0.0625,0.8,0.078125,1.41945,0.078125,0.960948,0.0625,1.12663,0.046875,0.733333,0.078125,1.15425,0.046875,0.333333,0.09375,1.19804,0.046875,0.333333,
17,25,2,0.03125,0,0.09375,1.13137,0.0625,0.721895,0.078125,1.18186,0.0625,1.18519,0.0625,0.733333,0.046875,1.15425,0.078125,0.8,0.078125,0.8,0.078125,0.866667,0.109375,1.49446,0.078125,0.988562,0.046875,0.4,0.046875,0.4,0.078125,0.866667,0.0625,0.733333,0.09375,1.13137,0.0625,0.721895,0.09375,0.6,0.09375,1.18186,0.0625,0,0.0625,0,0.0625,0.733333,0.09375,0.6,0.046875,0.6,
18,25,2,0.0625,0.2,0.0625,0,0.09375,0.533333,0.0625,0.627614,0.109375,1.09902,0.046875,0.666667,0.0625,0,0.046875,0.666667,0.03125,0,0.0625,0,0.0625,1.0714,0.0625,0.627614,0.0625,0.6,0.109375,1.55301,0.0625,0,0.09375,0.533333,0.0625,0.6,0.046875,0.6,0.078125,1.46183,0.078125,0.8,0.078125,0.6,0.125,1.44064,0.09375,0.533333,0.0625,0,0.078125,0.866667,
19,25,2,0.09375,0.4,0.0625,0.8,0.046875,1.05997,0.046875,0.8,0.09375,1.45208,0.078125,1.04379,0.09375,0.4,0.0625,0.533333,0.125,1.30398,0.09375,0.938071,0.046875,0.4,0.09375,0.977124,0.0625,0.133333,0.046875,0.4,0.09375,1.23709,0.046875,0.666667,0.078125,0.466667,0.078125,0.866667,0.03125,0,0.09375,0.4,0.078125,0.466667,0.046875,0.333333,0.078125,1.19804,0.078125,0.466667,0.09375,1.2647,
20,25,2,0.09375,1.11519,0.09375,1.39184,0.078125,0.960948,0.078125,0.733333,0.125,0.915195,0.09375,0.533333,0.125,0.915195,0.09375,1.08758,0.0625,0.333333,0.078125,0.933333,0.078125,1.03235,0.0625,0.733333,0.125,1.51064,0.09375,1.08758,0.09375,1.30066,0.09375,1.10376,0.0625,0.866667,0.09375,1.39184,0.078125,0.866667,0.09375,1.72376,0.09375,0.533333,0.125,0.915195,0.0625,0.533333,0.09375,0.84379,0.109375,1.12663,
21,25,2,0.078125,1.61658,0.078125,0.733333,0.0625,0.533333,0.125,0.538071,0.046875,0.733333,0.125,0.538071,0.09375,0.533333,0.125,0.538071,0.078125,0.666667,0.078125,0.965685,0.078125,0.733333,0.0625,0.6,0.0625,0,0.125,0.538071,0.140625,1.63444,0.09375,0.466667,0.09375,1.03709,0.046875,0.733333,0.078125,0.965685,0.078125,0.866667,0.078125,0.866667,0.125,1.48945,0.109375,0.921895,0.078125,0.733333,0.046875,0.733333,
22,25,2,0.078125,0.4,0.140625,1.16901,0.09375,0.4,0.078125,0.4,0.078125,0.933333,0.078125,0.866667,0.125,1.31993,0.140625,1.28138,0.078125,1.09902,0.0625,0.866667,0.0625,0,0.078125,0.960948,0.09375,1.08758,0.078125,0.827614,0.09375,0.921895,0.09375,1.02091,0.078125,0.8,0.0625,0.533333,0.0625,0,0.09375,0.533333,0.09375,1.5742,0.109375,1.43422,0.078125,0.8,0.078125,0.666667,0.125,1.31351,
23,25,2,0.125,1.23709,0.0625,0.133333,0.078125,0.466667,0.09375,0.882843,0.09375,1.14281,0.09375,0.760948,0.140625,1.55301,0.09375,1.20948,0.046875,0.133333,0.078125,0.760948,0.0625,0.666667,0.109375,0.933333,0.046875,0.133333,0.140625,1.68803,0.09375,0.760948,0.0625,0.666667,0.09375,1.0714,0.09375,1.12663,0.109375,1.42588,0.078125,0.6,0.046875,0.133333,0.046875,0.133333,0.078125,0.8,0.125,1.45518,0.0625,0.533333,
24,25,2,0.09375,0.333333,0.0625,0.4,0.0625,0.4,0.09375,1.03235,0.0625,0,0.09375,0.6,0.0625,0,0.0625,0.666667,0.046875,0.266667,0.109375,0.827614,0.09375,0.6,0.109375,1.25828,0.078125,0.733333,0.109375,1.46183,0.078125,0.733333,0.078125,0.4,0.125,1.42588,0.09375,1.03235,0.09375,0.6,0.109375,1.33661,0.109375,0.933333,0.109375,1.33661,0.09375,0.84379,0.109375,1.20948,0.078125,0.4,
25,25,2,0.09375,0.333333,0.078125,0.666667,0.09375,0.777124,0.09375,1.59539,0.078125,0.8,0.0625,0.533333,0.0625,1.14281,0.078125,0.6,0.09375,0.333333,0.078125,0.733333,0.09375,0.760948,0.0625,1.15425,0.046875,0.2,0.0625,0.4,0.09375,0.333333,0.125,1.39826,0.078125,0.4,0.078125,0.866667,0.0625,0.533333,0.09375,0.333333,0.09375,0.733333,0.0625,0,0.0625,0,0.0625,0.4,0.078125,0.4,
26,25,2,0.0625,0.333333,0.09375,1.2647,0.09375,0.2,0.09375,0.2,0.078125,0.666667,0.0625,0.333333,0.0625,0.949509,0.09375,1.04853,0.09375,0.954247,0.078125,0.666667,0.078125,1.09902,0.078125,0.666667,0.09375,0.894281,0.125,0.64379,0.0625,0.333333,0.078125,0.866667,0.09375,1.23709,0.078125,0.266667,0.078125,0.266667,0.078125,0.866667,0.09375,0.2,0.09375,1.12663,0.109375,0.866667,0.109375,0.933333,0.140625,1.37398,
27,25,2,0.109375,0.933333,0.03125,0,0.125,1.639,0.078125,0.466667,0.0625,0.333333,0.078125,0.466667,0.0625,0,0.03125,0,0.09375,1.20948,0.0625,0,0.109375,1.15115,0.0625,0,0.078125,0.466667,0.09375,0.133333,0.0625,0.533333,0.046875,0.6,0.0625,0.333333,0.109375,1.15425,0.078125,0.666667,0.09375,0.804738,0.0625,0.333333,0.078125,0.2,0.125,1.67806,0.078125,0.666667,0.125,0.549509,
28,25,2,0.109375,1.38541,0.078125,0.2,0.09375,0,0.125,1.19804,0.0625,0,0.0625,0.266667,0.09375,0,0.09375,1.01618,0.078125,0.6,0.109375,1.51064,0.078125,0.466667,0.140625,1.56113,0.109375,1.20948,0.09375,1.2647,0.0625,0.266667,0.09375,0.8,0.078125,0.466667,0.109375,1.18186,0.0625,0,0.0625,0.466667,0.078125,0.733333,0.09375,0.855228,0.109375,0.910457,0.09375,0,0.09375,0,
29,25,2,0.078125,0.6,0.078125,0.2,0.09375,0.666667,0.09375,0.733333,0.078125,0.8,0.09375,1.15425,0.09375,0.6,0.078125,0.8,0.078125,0.666667,0.109375,0.866667,0.0625,0.266667,0.09375,0.6,0.046875,0.133333,0.078125,0.8,0.0625,0.266667,0.03125,0,0.125,1.29232,0.09375,0,0.109375,1.44707,0.09375,0,0.0625,0.133333,0.09375,0,0.078125,0.533333,0.125,0.427614,0.0625,0.133333,
30,25,2,0.078125,0.866667,0.078125,1.18186,0.0625,0.2,0.078125,0.0666667,0.109375,0.988562,0.09375,0.721895,0.09375,1.37065,0.078125,0.6,0.078125,0.0666667,0.09375,0.2,0.078125,0.0666667,0.09375,0.2,0.109375,1.12663,0.078125,0.866667,0.078125,1.25828,0.109375,1.12996,0.109375,1.01618,0.109375,0.866667,0.09375,0.6,0.109375,0.8,0.078125,0.533333,0.109375,1.74096,0.09375,0.721895,0.109375,0.8,0.109375,1.3316,
31,25,2,0.046875,0,0.109375,1.18186,0.109375,1.51064,0.078125,0.533333,0.078125,0.8,0.109375,1.11519,0.078125,0.8,0.109375,0.8,0.09375,0,0.078125,1.11519,0.046875,0,0.09375,0.2,0.078125,0.533333,0.0625,0.2,0.09375,0.6,0.0625,0.2,0.09375,0.6,0.109375,1.2647,0.09375,1.15425,0.09375,1.22757,0.109375,0.84379,0.125,1.23709,0.09375,0.6,0.09375,0.866667,0.109375,0.84379,
32,25,2,0.0625,0.4,0.03125,0,0.078125,0.466667,0.078125,0.466667,0.0625,0.0666667,0.078125,0.9933,0.09375,0,0.0625,0.2,0.078125,0.2,0.125,1.23709,0.078125,0.866667,0.09375,0,0.125,1.18186,0.078125,0.4,0.109375,1.09902,0.09375,0.6,0.0625,0,0.09375,0.894281,0.0625,0.266667,0.0625,0.0666667,0.078125,0.733333,0.140625,1.16732,0.0625,0.4,0.09375,0,0.09375,0.666667,
33,25,2,0.09375,0,0.078125,0.266667,0.09375,0.866667,0.078125,0.266667,0.078125,0.133333,0.109375,1.35589,0.09375,0.533333,0.109375,0.8,0.078125,0.266667,0.078125,0.333333,0.0625,0.133333,0.09375,1.18186,0.078125,0.333333,0.09375,0.6,0.0625,0,0.078125,0.266667,0.078125,1.02091,0.078125,0.133333,0.09375,1.18186,0.09375,0,0.09375,1.66352,0.109375,0.933333,0.0625,0,0.09375,0.733333,0.046875,0,
34,25,2,0.078125,0.533333,0.078125,0.733333,0.109375,0.8,0.109375,1.59539,0.046875,0,0.109375,0.8,0.109375,0.866667,0.078125,0.8,0.09375,0.466667,0.09375,0.466667,0.109375,0.666667,0.078125,0.733333,0.109375,1.20948,0.09375,0.933333,0.078125,0.533333,0.109375,0.666667,0.078125,0.533333,0.078125,0.466667,0.109375,1.16732,0.078125,0.533333,0.09375,0,0.09375,0,0.109375,0.666667,0.109375,0.866667,0.09375,0.533333,
35,25,2,0.078125,0.866667,0.125,0.266667,0.109375,0.926633,0.109375,0.6,0.109375,0.6,0.09375,0.6,0.125,0.266667,0.109375,0.6,0.078125,0.733333,0.109375,0.8,0.109375,0.926633,0.078125,0.4,0.0625,0,0.125,1.27947,0.09375,0.666667,0.0625,0,0.078125,0.133333,0.09375,0.533333,0.109375,0.933333,0.109375,0.8,0.109375,1.2647,0.109375,0.6,0.078125,1.42588,0.078125,1.23709,0.09375,0.666667,
36,25,2,0.09375,1.18186,0.09375,0.4,0.0625,0.133333,0.09375,0.733333,0.078125,0.8,0.0625,0.8,0.09375,0.4,0.0625,1.0714,0.09375,0.8,0.09375,0,0.125,1.12663,0.078125,0.4,0.09375,1.09902,0.078125,0.0666667,0.09375,0.4,0.109375,1.14281,0.125,0.2,0.09375,0,0.09375,0.8,0.09375,0,0.09375,0.533333,0.109375,1.20948,0.078125,0.4,0.0625,0,0.109375,0.832352,
37,25,2,0.109375,1.37065,0.09375,0.533333,0.09375,0.866667,0.109375,0.738071,0.109375,0.733333,0.09375,0.2,0.09375,1.20948,0.09375,0.733333,0.078125,0.8,0.09375,0,0.0625,0.0666667,0.109375,1.25851,0.09375,0,0.09375,0.2,0.109375,1.25851,0.078125,0.866667,0.078125,0.8,0.09375,0.2,0.109375,0.8,0.078125,0.333333,0.078125,0.466667,0.125,1.48302,0.09375,0.733333,0.09375,1.70257,0.09375,0.533333,
38,25,2,0.125,0.816176,0.0625,0.8,0.078125,1.28589,0.078125,1.28922,0.109375,0.882843,0.0625,0,0.125,1.2647,0.125,0.816176,0.0625,0,0.109375,0.933333,0.046875,0.6,0.109375,0.788562,0.09375,0.266667,0.09375,0.466667,0.109375,1.39184,0.0625,0,0.09375,0,0.0625,0.949509,0.0625,0,0.0625,0.4,0.109375,0.733333,0.125,0.816176,0.09375,0.266667,0.09375,0.866667,0.109375,0.655228,
39,25,2,0.078125,0.4,0.125,0.910457,0.09375,1.6035,0.078125,0.533333,0.09375,0.266667,0.125,1.44064,0.0625,0,0.03125,0,0.09375,0,0.09375,0.266667,0.109375,0.666667,0.109375,1.2647,0.078125,0,0.0625,0,0.09375,0,0.0625,0,0.109375,0.666667,0.078125,0.866667,0.078125,0,0.03125,0,0.125,0.910457,0.125,1.2647,0.125,1.12663,0.078125,0.266667,0.09375,0.4,
40,25,2,0.125,1.0714,0.09375,0.266667,0.09375,1.23709,0.109375,1.18186,0.0625,0,0.0625,0,0.125,1.11519,0.0625,0.4,0.09375,0.2,0.109375,1.08758,0.09375,0,0.078125,0,0.109375,0.560948,0.09375,0.2,0.078125,0.666667,0.09375,0.866667,0.078125,0.666667,0.09375,0.466667,0.0625,0,0.09375,0.266667,0.078125,0.266667,0.109375,0.8,0.0625,0,0.09375,0,0.09375,0.466667,
41,25,2,0.078125,0.8,0.09375,0.921895,0.109375,0.666667,0.109375,0.866667,0.109375,1.61781,0.09375,0.466667,0.078125,0.733333,0.09375,0.733333,0.03125,0,0.109375,1.02091,0.03125,0,0.140625,1.38541,0.125,0.965685,0.109375,0.6,0.109375,0.921895,0.109375,0.8,0.046875,0.733333,0.078125,0.466667,0.109375,1.02091,0.078125,0.466667,0.09375,0.2,0.09375,0.921895,0.09375,0.2,0.078125,0.466667,0.046875,0.266667,
42,25,2,0.109375,0.666667,0.0625,0.8,0.109375,1.11519,0.09375,1.15425,0.078125,0.266667,0.0625,0.266667,0.109375,0.899019,0.109375,0.666667,0.0625,0,0.109375,0.8,0.09375,1.10234,0.09375,1.56755,0.0625,0.988562,0.09375,0.666667,0.09375,1.31542,0.09375,0.949509,0.109375,0.8,0.09375,0.2,0.09375,0.866667,0.09375,0.333333,0.109375,1.02091,0.078125,0.533333,0.078125,0,0.046875,0.2,0.0625,0,
43,25,2,0.078125,0.266667,0.0625,0,0.109375,0.871405,0.109375,1.15425,0.125,1.15425,0.09375,0.333333,0.109375,0.6,0.078125,0,0.140625,1.30066,0.109375,0.6,0.078125,0.333333,0.09375,0.133333,0.09375,0.977124,0.09375,0.986875,0.09375,0.666667,0.09375,0.6,0.09375,0.866667,0.125,1.0714,0.109375,1.09902,0.078125,0,0.125,1.18186,0.125,0.2,0.09375,0.6,0.09375,0,0.09375,0.827614,
44,25,2,0.078125,0.2,0.09375,0,0.0625,0,0.109375,1.04379,0.0625,0,0.078125,0.333333,0.078125,0.666667,0.125,1.50421,0.09375,0.466667,0.125,1.164,0.078125,0.533333,0.109375,0.6,0.109375,0.8,0.09375,0.733333,0.0625,0,0.0625,0.827614,0.09375,1.2647,0.09375,0.871405,0.09375,0,0.109375,1.03235,0.109375,0.466667,0.09375,0.133333,0.109375,1.20948,0.0625,0.733333,0.109375,0.6,
45,25,2,0.109375,0.333333,0.125,1.20948,0.109375,0.333333,0.0625,0,0.109375,0.866667,0.078125,0.666667,0.046875,0,0.109375,0.84379,0.09375,0.666667,0.0625,0.960948,0.09375,0.466667,0.09375,0,0.109375,0.6,0.109375,0.8,0.109375,0.666667,0.09375,0.133333,0.09375,0,0.046875,0,0.046875,0.666667,0.125,0.2,0.109375,0.333333,0.109375,1.34946,0.09375,1.38541,0.09375,1.29232,0.125,1.25185,
46,25,2,0.09375,0.333333,0.09375,0.8,0.046875,0.6,0.125,0.816176,0.09375,0.6,0.078125,0.266667,0.125,1.2647,0.078125,0.666667,0.09375,0.866667,0.109375,0.333333,0.125,1.08758,0.09375,0.133333,0.09375,1.11519,0.078125,0.533333,0.09375,0.666667,0.140625,1.31351,0.125,1.17544,0.109375,0.866667,0.109375,0.954247,0.09375,0.8,0.046875,0,0.09375,0,0.125,0.949509,0.078125,0,0.078125,0.2,
47,25,2,0.0625,0,0.078125,0,0.078125,0.2,0.078125,0,0.109375,0.666667,0.09375,0.0666667,0.09375,1.08758,0.078125,0.894281,0.09375,1.41303,0.09375,1.29232,0.09375,1.08758,0.078125,0.2,0.078125,1.14281,0.109375,0.949509,0.09375,0.8,0.09375,0.733333,0.140625,1.59539,0.109375,1.51064,0.109375,0.333333,0.078125,1.15425,0.09375,0,0.09375,0.466667,0.09375,0.6,0.109375,0.6,0.109375,0.666667,
48,25,2,0.09375,0.933333,0.09375,0,0.09375,0,0.125,1.64712,0.109375,1.00474,0.09375,0.733333,0.0625,0,0.109375,0.866667,0.125,0.733333,0.109375,0.666667,0.125,1.08758,0.109375,0.871405,0.109375,0.333333,0.078125,0.333333,0.078125,1.05997,0.09375,0,0.109375,0.960948,0.109375,0.8,0.0625,0,0.109375,1.2647,0.109375,0.666667,0.0625,0,0.09375,0,0.109375,1.20948,0.09375,0,
49,25,2,0.109375,1.32827,0.09375,0.8,0.09375,0,0.140625,1.36231,0.109375,0.910457,0.109375,0.666667,0.109375,1.11519,0.0625,0.733333,0.09375,0,0.09375,0,0.0625,0,0.125,0.533333,0.125,0.2,0.09375,0.133333,0.09375,0,0.09375,1.29232,0.125,0.533333,0.109375,1.17042,0.0625,0,0.125,1.17042,0.09375,0.8,0.125,0.533333,0.09375,0,0.078125,1.36422,0.09375,0.866667,
50,25,2,0.09375,0.666667,0.125,0.921895,0.078125,0.6,0.140625,0.960948,0.09375,0,0.09375,1.33994,0.078125,0.2,0.109375,0.8,0.15625,1.18186,0.078125,0.8,0.125,1.12663,0.125,0.960948,0.09375,0.666667,0.125,1.05997,0.109375,0.6,0.109375,0.533333,0.125,1.20948,0.09375,1.23709,0.09375,0.0666667,0.09375,0.866667,0.109375,0.8,0.140625,1.99044,0.109375,0.933333,0.09375,0.8,0.078125,0,
51,25,2,0.09375,0.6,0.109375,0.8,0.140625,1.12663,0.09375,0,0.078125,0.466667,0.109375,0.333333,0.125,1.20948,0.109375,0.694281,0.0625,0,0.109375,1.48945,0.109375,0.733333,0.09375,0,0.125,0.6,0.109375,1.59685,0.09375,0.666667,0.09375,0.894281,0.09375,0.8,0.0625,0.933333,0.125,0.2,0.09375,0.466667,0.09375,0.8,0.09375,1.0714,0.109375,0.694281,0.109375,0.733333,0.09375,0,
52,25,2,0.09375,0.949509,0.09375,0.8,0.125,1.08758,0.09375,0,0.109375,0.933333,0.09375,0,0.109375,0.6,0.09375,0,0.09375,1.38541,0.09375,0.8,0.109375,0.866667,0.109375,0.866667,0.0625,0,0.09375,0,0.109375,1.0714,0.09375,0,0.09375,0.894281,0.09375,0,0.109375,1.15425,0.078125,0,0.09375,0.6,0.09375,0.333333,0.109375,0.694281,0.078125,0.133333,0.078125,0.133333,
53,25,2,0.09375,0,0.109375,1.31993,0.09375,1.00474,0.078125,0.733333,0.078125,0.0666667,0.109375,0.266667,0.109375,0.533333,0.0625,0.866667,0.125,0.8,0.109375,0.988562,0.09375,0.8,0.109375,0.866667,0.09375,0,0.09375,0,0.109375,0.6,0.125,1.01618,0.125,1.12663,0.09375,0.666667,0.109375,0.733333,0.09375,0,0.09375,0,0.140625,1.31993,0.109375,1.02091,0.078125,0.0666667,0.03125,0.8,
54,25,2,0.078125,0,0.109375,0.2,0.109375,0.2,0.09375,0,0.125,0,0.125,1.2647,0.140625,1.09902,0.09375,0.733333,0.109375,0.6,0.09375,0,0.09375,0.666667,0.125,0.6,0.09375,0.949509,0.125,0.733333,0.125,0,0.109375,0.866667,0.125,0.733333,0.109375,0.533333,0.125,0,0.109375,0.733333,0.09375,0.933333,0.109375,0.533333,0.109375,0.866667,0.0625,0,0.125,1.3347,
55,25,2,0.125,1.00474,0.09375,0.666667,0.09375,0.0666667,0.078125,0,0.078125,0,0.09375,0,0.109375,0.533333,0.109375,0.533333,0.09375,0.866667,0.125,0.533333,0.09375,0.866667,0.140625,1.40469,0.0625,1.00474,0.09375,0,0.0625,0,0.078125,0.733333,0.078125,0,0.0625,0,0.078125,0,0.078125,0.8,0.109375,1.01618,0.109375,0.866667,0.109375,0.666667,0.078125,0.733333,0.109375,1.18186,
56,25,2,0.125,0.0666667,0.09375,0.827614,0.125,0.866667,0.140625,1.83094,0.109375,0.466667,0.109375,0.899019,0.109375,0.8,0.078125,0.266667,0.109375,0.733333,0.125,1.09902,0.109375,0.466667,0.125,0.733333,0.09375,0.6,0.09375,0.8,0.109375,0.533333,0.09375,0.733333,0.09375,0.733333,0.125,0.466667,0.109375,0.866667,0.125,0.0666667,0.0625,0,0.125,1.2647,0.09375,0.666667,0.125,0.466667,0.109375,0.866667,
57,25,2,0.09375,0.933333,0.109375,1.00474,0.09375,1.36422,0.078125,0.8,0.109375,0.2,0.109375,0.666667,0.09375,0.333333,0.125,0.0666667,0.09375,0.9933,0.09375,0,0.109375,0.466667,0.0625,0,0.109375,0.466667,0.125,0.0666667,0.09375,0.733333,0.125,0.827614,0.09375,0.8,0.09375,1.12663,0.0625,0.333333,0.125,0.8,0.109375,0.533333,0.125,1.56778,0.09375,0.8,0.0625,0.866667,0.09375,0,
58,25,2,0.09375,0.6,0.09375,0.733333,0.109375,0.4,0.109375,1.08758,0.109375,0.733333,0.125,0.949509,0.125,0.0666667,0.109375,1.01618,0.125,2.05764,0.125,0.0666667,0.109375,0.4,0.09375,0,0.109375,0.866667,0.078125,0.4,0.125,0.733333,0.125,0.466667,0.09375,0.666667,0.125,0.466667,0.078125,0.933333,0.09375,0,0.109375,0.8,0.078125,0.933333,0.109375,1.23709,0.09375,0.866667,0.109375,0.466667,
59,25,2,0.09375,0.533333,0.125,0.133333,0.078125,0.666667,0.09375,0,0.0625,0,0.09375,0.533333,0.125,1.20948,0.125,1.05997,0.109375,1.36231,0.109375,0.533333,0.09375,0,0.09375,0,0.125,1.80975,0.109375,0.2,0.09375,0.6,0.09375,0.8,0.125,1.18186,0.109375,1.05997,0.109375,0.4,0.09375,0.84379,0.125,0.466667,0.140625,0.894281,0.109375,0.733333,0.109375,0.866667,0.09375,0,
60,25,2,0.078125,1.20948,0.0625,0,0.109375,0.466667,0.125,1.15425,0.0625,0,0.09375,0.832352,0.125,0.894281,0.078125,1.02091,0.109375,0.866667,0.078125,0.133333,0.09375,0.733333,0.140625,0.866667,0.09375,1.00474,0.109375,0.6,0.125,0.8,0.109375,0.6,0.109375,0.733333,0.125,1.2647,0.09375,0,0.09375,0.466667,0.09375,1.31993,0.125,0.0666667,0.09375,1.31993,0.09375,1.01618,0.109375,0.2,
61,25,2,0.125,0.4,0.078125,0,0.125,0.866667,0.09375,0.533333,0.09375,0.4,0.078125,0,0.109375,0.533333,0.09375,1.22757,0.09375,0.960948,0.109375,0.760948,0.125,0.855228,0.109375,0.133333,0.09375,0,0.109375,0.8,0.09375,0.666667,0.0625,0,0.109375,1.14281,0.109375,1.18186,0.140625,0.866667,0.078125,0.666667,0.109375,0.333333,0.09375,0,0.078125,0.333333,0.09375,0.666667,0.09375,0.866667,
62,25,2,0.125,0,0.125,0.9933,0.125,0.8,0.09375,0,0.109375,0.866667,0.09375,0.6,0.140625,0.8,0.09375,1.31351,0.0625,0.866667,0.109375,0.466667,0.125,0.666667,0.046875,0.6,0.125,1.04379,0.109375,0.533333,0.078125,0,0.078125,0.788562,0.078125,0.2,0.0625,0,0.125,0,0.09375,0,0.09375,0.333333,0.109375,1.23709,0.109375,0.6,0.078125,0.266667,0.109375,0.6,
63,25,2,0.078125,0.2,0.09375,0.6,0.09375,0.533333,0.078125,0.733333,0.09375,0.6,0.109375,0.4,0.109375,0.4,0.09375,1.12663,0.09375,1.15425,0.09375,0.266667,0.109375,0.333333,0.109375,0.333333,0.109375,0.733333,0.09375,0,0.078125,0.733333,0.109375,0.866667,0.109375,0.4,0.109375,0.666667,0.09375,1.18186,0.125,0.866667,0.109375,0.8,0.09375,0,0.09375,0,0.140625,1.31993,0.109375,0.4,
64,25,2,0.109375,1.18186,0.109375,0.8,0.125,1.18186,0.109375,0,0.09375,0,0.109375,0.965685,0.109375,0.866667,0.078125,0,0.109375,1.03235,0.046875,0,0.078125,0.2,0.0625,0,0.109375,0,0.109375,0.266667,0.125,0,0.109375,0,0.125,0.933333,0.140625,0.8,0.109375,0,0.109375,0,0.09375,0.2,0.109375,0,0.0625,0,0.109375,0.4,0.09375,0.466667,
65,25,2,0.109375,0.466667,0.109375,0.8,0.140625,1.42588,0.109375,0.333333,0.09375,0,0.109375,0.466667,0.078125,0.666667,0.140625,1.01618,0.109375,0,0.09375,0,0.09375,0,0.109375,0,0.109375,0.8,0.09375,1.19995,0.078125,0,0.0625,0,0.09375,0.6,0.109375,0.333333,0.078125,0.0666667,0.09375,0,0.109375,0.733333,0.078125,0.533333,0.09375,0.855228,0.109375,0.466667,0.109375,1.2647,
66,25,2,0.125,0,0.125,0,0.09375,0,0.09375,0.694281,0.09375,1.0714,0.109375,0.333333,0.109375,0.6,0.078125,0.933333,0.109375,0,0.0625,0,0.078125,0.6,0.109375,0,0.0625,0,0.109375,0.2,0.109375,0.2,0.078125,0.8,0.109375,0.666667,0.109375,0,0.109375,0.666667,0.09375,0.733333,0.125,0.921895,0.0625,0.8,0.09375,0,0.0625,0.266667,0.078125,0,
67,25,2,0.09375,0.133333,0.109375,0.466667,0.078125,0,0.078125,0,0.109375,0,0.109375,0,0.078125,0.666667,0.109375,0.266667,0.125,0.933333,0.09375,0.733333,0.140625,0.921895,0.09375,0.133333,0.078125,0.133333,0.09375,0,0.078125,0.666667,0.125,0.4,0.109375,0.466667,0.09375,0,0.046875,0,0.109375,0.866667,0.109375,1.29232,0.03125,0,0.109375,0.6,0.09375,0,0.109375,0,
68,25,2,0.09375,0,0.09375,0,0.09375,0.8,0.109375,0.533333,0.09375,0.8,0.09375,0.333333,0.109375,0.2,0.09375,0,0.078125,0.266667,0.125,0.8,0.078125,0.0666667,0.140625,1.2647,0.09375,0,0.125,0.4,0.109375,0.4,0.109375,0,0.125,0.8,0.109375,0.466667,0.109375,0,0.109375,0.2,0.125,0,0.046875,0.6,0.09375,0.666667,0.109375,0.733333,0.109375,0.866667,
69,25,2,0.046875,0.6,0.109375,0.933333,0.125,0,0.09375,0,0.140625,0.760948,0.109375,0.733333,0.09375,0,0.109375,0.266667,0.125,0,0.09375,0,0.125,0.133333,0.109375,0.266667,0.125,0.133333,0.09375,0,0.09375,0.266667,0.125,0,0.078125,0.0666667,0.125,0.133333,0.15625,1.00474,0.09375,0,0.109375,0.266667,0.109375,0,0.125,0.133333,0.140625,1.32517,0.09375,0,
70,25,2,0.125,0.133333,0.125,0,0.09375,0,0.09375,0,0.109375,0.0666667,0.140625,0.933333,0.109375,0.938071,0.09375,0.666667,0.109375,0.0666667,0.078125,0,0.125,0,0.09375,0,0.125,0,0.125,0,0.140625,0.733333,0.109375,0.733333,0.109375,0.0666667,0.15625,0.910457,0.109375,0.0666667,0.09375,0.666667,0.109375,0.6,0.125,0.133333,0.078125,0,0.09375,0.666667,0.109375,0.6,
71,25,2,0.140625,0.866667,0.109375,0.866667,0.125,0,0.109375,0.6,0.0625,0,0.140625,0.866667,0.109375,0.533333,0.140625,0.960948,0.109375,0,0.125,0,0.109375,1.00474,0.09375,0,0.09375,0,0.109375,0,0.140625,0.733333,0.09375,0,0.140625,1.45873,0.125,0.2,0.09375,0,0.09375,0,0.09375,0,0.109375,0,0.125,0.8,0.078125,0.6,0.109375,0,
72,25,2,0.125,0,0.109375,0,0.125,0,0.109375,0.333333,0.09375,0,0.125,0.0666667,0.125,0.733333,0.109375,0,0.078125,0.8,0.125,0,0.109375,0.533333,0.109375,0.666667,0.125,0,0.09375,0,0.09375,0,0.125,0.0666667,0.109375,0,0.109375,0,0.109375,0.333333,0.140625,1.2647,0.078125,0.0666667,0.078125,0,0.046875,0,0.140625,0.8,0.0625,0,
73,25,2,0.140625,1.39826,0.15625,0.760948,0.109375,0.921895,0.140625,0.933333,0.125,0,0.109375,0,0.09375,0,0.109375,0,0.125,0,0.140625,0.733333,0.171875,1.46826,0.109375,0,0.109375,0,0.125,0,0.078125,0,0.109375,0.666667,0.078125,0.866667,0.125,0,0.125,0,0.125,1.2647,0.125,0,0.078125,0.6,0.125,0,0.078125,0,0.109375,0.666667,
74,25,2,0.09375,0,0.078125,0,0.078125,0,0.109375,0,0.109375,0.666667,0.09375,0,0.109375,0,0.125,0,0.125,0,0.125,0,0.109375,0,0.109375,0.6,0.09375,0,0.09375,0,0.125,0,0.09375,0,0.109375,0.6,0.09375,0,0.09375,0,0.0625,0,0.125,0,0.125,0.933333,0.109375,0.466667,0.1875,1.97683,0.125,0,
75,25,2,0.125,0,0.09375,0.733333,0.078125,0,0.125,0,0.140625,0.666667,0.09375,0.2,0.09375,0,0.125,1.05997,0.109375,0.4,0.09375,0,0.09375,0.666667,0.09375,0,0.078125,0,0.140625,1.31351,0.09375,0.866667,0.078125,0,0.09375,0,0.09375,0,0.078125,0.666667,0.09375,0,0.109375,0,0.109375,0,0.109375,0.6,0.078125,0,0.140625,0.733333,
76,25,2,0.09375,0,0.125,1.05997,0.09375,0,0.125,0.866667,0.109375,0,0.078125,0.866667,0.109375,1.01618,0.09375,0.933333,0.125,0,0.125,0,0.078125,0.6,0.125,0,0.109375,0.733333,0.09375,0,0.15625,1.18186,0.109375,0.866667,0.09375,0,0.09375,0,0.09375,0,0.078125,0.666667,0.125,0.9933,0.09375,0,0.109375,0,0.09375,0,0.0625,0,
77,25,2,0.09375,0.666667,0.078125,0,0.0625,0,0.125,0,0.125,0.965685,0.09375,0,0.109375,0.2,0.109375,0.2,0.109375,0,0.09375,0,0.125,0,0.140625,1.2647,0.125,0,0.109375,0.2,0.109375,0.333333,0.125,0,0.109375,0.733333,0.09375,0,0.109375,0.333333,0.09375,0,0.125,0.933333,0.109375,0.6,0.09375,0,0.109375,0.733333,0.09375,0,
78,25,2,0.09375,0,0.109375,0.333333,0.125,0,0.109375,0,0.09375,0,0.078125,0,0.125,0,0.109375,0.6,0.09375,0,0.078125,0.533333,0.125,0,0.03125,0,0.109375,0,0.09375,0,0.109375,0,0.09375,0,0.109375,0,0.125,0,0.109375,0.733333,0.09375,0.133333,0.125,0,0.109375,0,0.09375,0,0.125,0.871405,0.09375,0.133333,
79,25,2,0.09375,0,0.09375,0.8,0.09375,0,0.09375,0,0.109375,0,0.109375,0.960948,0.109375,0,0.109375,0,0.09375,0,0.09375,0,0.125,0,0.09375,0.133333,0.109375,0,0.125,0.866667,0.09375,0,0.125,0,0.125,0.933333,0.109375,0,0.15625,0.666667,0.09375,0,0.15625,0.666667,0.09375,0.133333,0.109375,0.8,0.078125,0.466667,0.109375,0.816176,
80,25,2,0.109375,0.533333,0.125,0.866667,0.09375,0,0.125,0,0.125,0.733333,0.109375,0,0.109375,0.866667,0.125,0.933333,0.09375,0.977124,0.109375,0,0.109375,0,0.109375,0.333333,0.109375,0,0.0625,0.933333,0.109375,0,0.125,1.09902,0.109375,0.666667,0.109375,0.533333,0.109375,0.6,0.109375,0,0.09375,0.533333,0.125,1.09902,0.09375,0,0.09375,0,0.109375,0.8,
81,25,2,0.0625,0,0.078125,0,0.09375,0,0.078125,0.899019,0.09375,0,0.109375,0.666667,0.109375,0,0.09375,0,0.109375,0.8,0.109375,0.466667,0.078125,0.466667,0.078125,0,0.125,0.6,0.125,1.09902,0.109375,0.466667,0.09375,0,0.109375,0,0.109375,0.266667,0.0625,0,0.109375,0.466667,0.125,0.733333,0.09375,0.6,0.09375,1.20948,0.09375,0,0.078125,0.4,
82,25,2,0.078125,0.6,0.078125,0.2,0.09375,0,0.09375,0.2,0.109375,0.266667,0.125,0.8,0.109375,0,0.09375,0.733333,0.125,0,0.109375,0.8,0.109375,0.133333,0.109375,0.721895,0.109375,0.466667,0.140625,0.666667,0.109375,0.133333,0.109375,0.866667,0.109375,0,0.125,0.871405,0.109375,0,0.125,0.533333,0.109375,0,0.109375,0.8,0.09375,1.20948,0.09375,0,0.109375,0,
83,25,2,0.125,0,0.109375,0,0.09375,0,0.125,1.11519,0.109375,0.733333,0.09375,0,0.109375,0,0.109375,0.2,0.140625,0.8,0.078125,0,0.125,0.866667,0.109375,0.627614,0.109375,0.466667,0.09375,0,0.109375,0.8,0.109375,0.533333,0.125,0.8,0.09375,0,0.109375,0,0.125,0.8,0.09375,0,0.125,0,0.109375,0,0.078125,0,0.125,0,
84,25,2,0.09375,0,0.109375,0,0.09375,0.733333,0.109375,0,0.09375,0,0.09375,0,0.109375,0.866667,0.109375,0.466667,0.15625,1.2647,0.09375,0,0.109375,0.666667,0.125,0,0.09375,0,0.109375,0.466667,0.09375,0.8,0.09375,0.666667,0.09375,0,0.109375,0.133333,0.125,0.8,0.109375,0.466667,0.125,0,0.09375,0,0.109375,0.733333,0.109375,0.2,0.125,1.23709,
85,25,2,0.09375,0,0.109375,0,0.09375,0,0.09375,0,0.109375,0.6,0.09375,0,0.109375,0,0.078125,0,0.109375,0,0.09375,0,0.125,0,0.125,0,0.109375,0,0.109375,0,0.09375,0,0.09375,0.894281,0.09375,0.733333,0.078125,0,0.078125,0,0.109375,1.2647,0.109375,0,0.109375,0,0.078125,0,0.109375,0.4,0.078125,0,
86,25,2,0.125,0,0.125,0.866667,0.125,0,0.109375,0,0.109375,0,0.09375,1.18186,0.0625,0,0.109375,1.46826,0.109375,0.866667,0.125,0,0.09375,0.666667,0.109375,0,0.0625,0,0.09375,0,0.09375,0,0.09375,0.733333,0.125,0,0.09375,0,0.109375,0,0.109375,0.4,0.125,0,0.140625,0.866667,0.09375,0.466667,0.09375,0,0.109375,0,
87,25,2,0.109375,0.8,0.125,0,0.109375,0,0.1875,1.48302,0.140625,0.866667,0.125,0,0.09375,0,0.140625,0.933333,0.078125,0,0.140625,0.933333,0.109375,0,0.109375,0.4,0.109375,0.466667,0.09375,0,0.109375,0.133333,0.09375,0,0.078125,0,0.078125,0,0.09375,0,0.125,0,0.125,0,0.078125,0,0.125,0,0.09375,0,0.09375,0,
88,25,2,0.09375,0.666667,0.109375,0,0.109375,0,0.109375,0.6,0.109375,0.733333,0.09375,0,0.125,0,0.109375,0,0.125,0,0.140625,0.866667,0.109375,0,0.109375,0.4,0.09375,0,0.109375,0,0.1875,1.64566,0.109375,0,0.109375,0,0.125,0.866667,0.109375,0.466667,0.15625,0.6,0.125,0,0.109375,0.4,0.078125,0.2,0.125,0,0.15625,0.6,
89,25,2,0.09375,0.6,0.125,0.733333,0.109375,0,0.109375,0.333333,0.0625,0,0.109375,0.466667,0.078125,0,0.125,0,0.109375,0.333333,0.09375,0,0.09375,0,0.09375,0,0.171875,1.15425,0.078125,0,0.140625,0.866667,0.09375,0,0.09375,0,0.109375,0,0.109375,0,0.109375,0.0666667,0.109375,0,0.109375,0,0.125,0.866667,0.09375,0,0.140625,1.2647,
90,25,2,0.09375,1.0714,0.09375,0,0.125,0,0.09375,0.666667,0.15625,0.6,0.109375,0,0.125,0,0.0625,0.866667,0.109375,0.0666667,0.078125,0.533333,0.109375,0,0.09375,0,0.125,0.666667,0.125,0,0.09375,0,0.109375,0,0.140625,0.666667,0.109375,0.333333,0.125,0,0.09375,0,0.109375,0.733333,0.109375,0.333333,0.09375,0,0.0625,0,0.125,0,
91,25,2,0.109375,0,0.15625,0.533333,0.125,0,0.125,0,0.125,0,0.109375,0,0.09375,0.133333,0.09375,0,0.140625,0.6,0.125,0.866667,0.09375,0.6,0.078125,0,0.109375,0,0.09375,0.6,0.109375,0,0.125,0,0.109375,0.466667,0.109375,0,0.09375,0,0.125,0,0.109375,0.133333,0.140625,0.8,0.078125,0.466667,0.125,0,0.078125,0.466667,
92,25,2,0.15625,1.18186,0.125,0,0.109375,0,0.1875,1.27637,0.09375,0,0.09375,0,0.109375,0.533333,0.109375,0.733333,0.09375,0,0.125,1.29232,0.125,0,0.125,0,0.09375,0,0.109375,0.0666667,0.09375,0,0.09375,0,0.109375,0.4,0.09375,0,0.109375,0,0.046875,0.6,0.125,0,0.109375,0.733333,0.109375,0,0.09375,0,0.109375,0,
93,25,2,0.109375,0.533333,0.09375,0.6,0.15625,1.12663,0.09375,0.866667,0.109375,0,0.09375,0,0.109375,0,0.09375,0.733333,0.109375,0.333333,0.09375,1.0714,0.109375,0.4,0.09375,0,0.09375,0,0.109375,0,0.125,0,0.09375,0,0.09375,0,0.109375,0.8,0.109375,0,0.109375,0,0.0625,0,0.140625,0.6,0.09375,0,0.109375,0,0.09375,0,
94,25,2,0.09375,0.733333,0.125,0.8,0.109375,0,0.078125,0,0.15625,0.533333,0.09375,0,0.125,0,0.125,0,0.125,0.666667,0.109375,0,0.09375,0.133333,0.078125,0.533333,0.09375,0,0.09375,0,0.125,0,0.0625,0,0.109375,0,0.078125,0,0.109375,0,0.140625,0.8,0.078125,0,0.109375,0.266667,0.140625,1.09902,0.125,0,0.078125,0,
95,25,2,0.078125,0,0.09375,0,0.125,0,0.109375,0,0.09375,0,0.109375,0,0.109375,0,0.125,0,0.046875,0.2,0.15625,0.466667,0.078125,0.2,0.1875,1.54326,0.109375,0.333333,0.09375,0,0.09375,0,0.109375,0,0.125,0,0.125,0,0.109375,0,0.125,0.866667,0.09375,0.8,0.09375,0,0.15625,0.466667,0.109375,0,0.109375,0,
96,25,2,0.109375,0.2,0.109375,0.266667,0.125,0,0.140625,0.8,0.09375,0,0.109375,0,0.109375,0.2,0.109375,0,0.09375,0,0.125,0.8,0.125,0,0.109375,0,0.125,0.8,0.125,0.8,0.109375,0,0.125,0,0.109375,0.266667,0.09375,1.00474,0.140625,0.6,0.125,0,0.09375,0,0.125,0,0.09375,0,0.140625,0.533333,0.109375,0,
97,25,2,0.125,0,0.125,0,0.109375,0,0.125,0,0.125,0.666667,0.125,0,0.109375,0,0.109375,0,0.09375,0,0.140625,1.17042,0.078125,0,0.0625,0,0.09375,0,0.109375,0.933333,0.125,0,0.140625,0.733333,0.078125,0,0.109375,0,0.109375,0,0.109375,0.333333,0.09375,0,0.109375,0,0.125,0.8,0.09375,0.133333,0.125,0,
98,25,2,0.125,0.933333,0.09375,0,0.109375,0.266667,0.078125,0,0.125,0,0.15625,0.4,0.09375,0,0.078125,0.533333,0.125,0,0.109375,1.04379,0.078125,0.6,0.09375,0,0.15625,0.4,0.125,0,0.09375,0,0.09375,0,0.125,0.6,0.09375,0.8,0.125,0,0.078125,0,0.09375,0.8,0.15625,0.4,0.109375,0.133333,0.03125,0,0.109375,0,
99,25,2,0.09375,0,0.140625,0.977124,0.125,0,0.125,0,0.078125,0,0.109375,0.466667,0.109375,0,0.109375,0,0.109375,0,0.109375,0,0.109375,0,0.109375,0,0.09375,0,0.109375,0,0.140625,0.533333,0.125,0,0.109375,0,0.09375,0,0.140625,0.666667,0.140625,0.666667,0.109375,0,0.109375,0,0.09375,0,0.125,0,0.109375,0.266667,
100,25,2,0.09375,0,0.140625,0.533333,0.125,0,0.09375,0,0.125,0,0.09375,0,0.15625,0.4,0.109375,0,0.109375,0,0.109375,0,0.125,0,0.109375,0,0.109375,0,0.109375,0.6,0.109375,0,0.109375,0,0.09375,0,0.109375,0.266667,0.0625,0,0.109375,0.266667,0.125,0,0.125,0.866667,0.171875,1.01618,0.109375,0,0.15625,0.4,
101,25,2,0.125,0,0.109375,0,0.125,0.6,0.125,1.03235,0.09375,0,0.109375,0,0.140625,0.666667,0.125,0,0.125,0,0.09375,0.8,0.109375,0.2,0.109375,0.2,0.09375,0,0.09375,0.133333,0.125,0,0.109375,0,0.140625,0.666667,0.125,0.533333,0.125,0,0.09375,0.733333,0.09375,0,0.0625,0,0.109375,0,0.171875,1.14281,0.09375,0,
102,25,2,0.15625,0.4,0.078125,0,0.09375,0,0.125,0,0.125,0,0.09375,0,0.171875,0.921895,0.09375,0,0.125,0.8,0.171875,1.3347,0.125,0,0.125,0.8,0.109375,0,0.0625,0,0.125,0,0.125,0,0.109375,0,0.109375,0.949509,0.125,0,0.125,0,0.078125,0.466667,0.109375,0.466667,0.078125,0,0.109375,0,0.109375,0,
103,25,2,0.078125,0.466667,0.09375,0,0.109375,0.666667,0.0625,0,0.109375,0.733333,0.109375,0.133333,0.109375,0.133333,0.140625,0.466667,0.21875,1.62447,0.09375,0.533333,0.109375,0,0.140625,0.533333,0.109375,0,0.109375,0,0.125,0,0.109375,0.6,0.078125,0,0.125,0,0.09375,0.733333,0.125,0,0.109375,0,0.125,0,0.109375,0,0.09375,0,0.171875,0.855228,
104,25,2,0.109375,0,0.140625,0.466667,0.09375,0,0.125,0,0.125,0,0.1875,0.899019,0.1875,0.899019,0.109375,0,0.109375,0,0.171875,1.75949,0.09375,0,0.109375,0,0.109375,0,0.125,0.533333,0.109375,0,0.125,0,0.125,0,0.109375,0.0666667,0.125,0.533333,0.125,0,0.125,0,0.125,0,0.109375,0,0.15625,0.4,0.109375,0,
105,25,2,0.125,0.733333,0.140625,0.4,0.109375,0,0.109375,0,0.109375,0,0.15625,0.333333,0.109375,0.6,0.125,0,0.109375,0,0.140625,0.4,0.09375,0,0.171875,0.926633,0.09375,0,0.09375,0,0.109375,0,0.109375,0,0.109375,0,0.09375,0,0.109375,0,0.15625,0.333333,0.109375,0,0.125,0.6,0.171875,0.926633,0.125,0.733333,0.078125,0,
106,25,2,0.109375,0.2,0.078125,0,0.125,0.533333,0.15625,0.266667,0.109375,0,0.109375,0,0.109375,0.0666667,0.078125,0,0.109375,0,0.109375,0,0.140625,0.666667,0.1875,0.84379,0.09375,0,0.09375,0,0.109375,0,0.203125,1.4097,0.09375,0.8,0.125,0,0.109375,0,0.109375,0,0.15625,1.81361,0.078125,0,0.15625,0.266667,0.109375,0.6,0.109375,0,
107,25,2,0.078125,0.466667,0.09375,0,0.125,0,0.125,0,0.125,0,0.125,0,0.09375,0.666667,0.109375,0.6,0.140625,0.533333,0.171875,0.682843,0.1875,0.694281,0.171875,0.682843,0.09375,0.666667,0.15625,0.266667,0.109375,0,0.09375,0,0.09375,0,0.078125,0,0.109375,0,0.109375,0,0.125,0.8,0.0625,0,0.0625,0,0.109375,0,0.140625,0.533333,
108,25,2,0.125,0,0.09375,0.8,0.078125,0,0.125,0,0.109375,0.0666667,0.109375,0,0.171875,0.866667,0.125,0,0.125,0.466667,0.125,0.8,0.09375,0.666667,0.15625,1.18186,0.09375,0.866667,0.125,0,0.125,1.40469,0.125,0,0.0625,0,0.109375,0.6,0.109375,0,0.09375,0,0.125,0,0.09375,0.866667,0.109375,0,0.09375,0,0.078125,0.466667,
109,25,2,0.125,0.733333,0.125,0,0.09375,0,0.125,0.733333,0.109375,0,0.078125,0.466667,0.109375,0.8,0.109375,0,0.109375,0,0.09375,0,0.125,1.29232,0.171875,0.655228,0.109375,0,0.109375,0,0.09375,0,0.109375,0,0.0625,0.733333,0.125,0.733333,0.125,0,0.140625,0.4,0.125,0,0.125,0.8,0.125,0,0.09375,0,0.109375,0,
110,25,2,0.125,0.666667,0.09375,0.466667,0.109375,0,0.09375,0,0.0625,0.266667,0.078125,0.466667,0.09375,0.466667,0.109375,0,0.140625,0.333333,0.109375,0,0.09375,0.466667,0.125,0,0.09375,0.466667,0.15625,0.2,0.125,0.666667,0.109375,0,0.109375,0.2,0.078125,0,0.109375,0,0.125,1.29232,0.09375,0,0.125,0,0.125,0.733333,0.109375,0,0.09375,0,
111,25,2,0.15625,0.2,0.140625,0.333333,0.109375,0,0.09375,0.4,0.109375,0,0.109375,0.933333,0.109375,0,0.15625,1.08758,0.140625,0.533333,0.171875,0.8,0.125,0,0.125,0,0.109375,0,0.109375,0,0.140625,0.466667,0.125,0,0.09375,0,0.03125,0.8,0.109375,0.533333,0.078125,0.466667,0.109375,0,0.125,0.8,0.109375,0,0.09375,0.4,0.09375,0.4,
112,25,2,0.171875,0.8,0.125,0,0.109375,0,0.09375,0.733333,0.171875,1.15425,0.15625,0.0666667,0.125,0,0.140625,0.866667,0.109375,0,0.125,0,0.09375,0,0.109375,0,0.125,0.466667,0.109375,0,0.125,0,0.109375,0,0.0625,0,0.109375,0,0.125,0,0.15625,1.15425,0.125,0,0.109375,0,0.125,0.666667,0.15625,0.0666667,0.09375,0.333333,
113,25,2,0.109375,0,0.09375,0,0.140625,0.866667,0.140625,1.15425,0.09375,0.733333,0.078125,0,0.109375,0,0.0625,0,0.109375,0.6,0.125,0,0.109375,0,0.125,0,0.125,0,0.125,0,0.09375,0,0.140625,0.466667,0.09375,0,0.171875,0.8,0.1875,0.6,0.09375,0.533333,0.09375,0,0.09375,0.533333,0.15625,0.0666667,0.109375,0,0.09375,0,
114,25,2,0.078125,0,0.109375,0,0.078125,0.533333,0.078125,0,0.15625,0,0.078125,0.466667,0.125,0.666667,0.125,0.8,0.109375,0,0.09375,0.8,0.109375,0,0.078125,0.4,0.078125,0,0.109375,0,0.15625,0,0.109375,0,0.125,0,0.125,0,0.0625,0.733333,0.125,0,0.09375,0,0.125,0,0.203125,1.15425,0.078125,0,0.109375,0,
115,25,2,0.125,0,0.15625,0.0666667,0.109375,0,0.09375,0,0.125,0,0.109375,0,0.125,0.8,0.109375,0.533333,0.078125,0,0.109375,0,0.09375,0.466667,0.125,0,0.109375,0,0.140625,0.4,0.09375,0,0.109375,0.133333,0.109375,0.133333,0.125,0,0.125,0,0.140625,0.988562,0.09375,0,0.125,0,0.125,0,0.109375,0,0.046875,0.2,
116,25,2,0.0625,0,0.109375,0,0.125,0.866667,0.046875,0.533333,0.15625,0.933333,0.109375,0.666667,0.078125,0.2,0.09375,0,0.09375,0,0.109375,0,0.078125,0,0.140625,0.4,0.09375,0,0.09375,0,0.15625,0.0666667,0.09375,0,0.109375,0,0.109375,0,0.109375,0,0.0625,0,0.140625,0.266667,0.125,0.6,0.0625,0,0.109375,0,0.109375,0,
117,25,2,0.125,0,0.09375,0,0.21875,1.23399,0.125,0,0.078125,0.333333,0.125,0,0.109375,0,0.15625,0,0.109375,0,0.140625,0.4,0.0625,0,0.1875,0.533333,0.125,0,0.1875,0.533333,0.078125,0,0.09375,0.6,0.09375,0,0.125,0,0.078125,0.333333,0.125,0.733333,0.0625,0,0.140625,0.2,0.109375,0,0.15625,0,0.15625,0,
118,25,2,0.171875,0.8,0.140625,0.2,0.109375,0,0.109375,0,0.09375,0.6,0.125,0.666667,0.09375,0,0.125,0,0.109375,0,0.09375,0,0.09375,0.333333,0.125,0,0.109375,0,0.140625,0.333333,0.125,0,0.125,0,0.109375,0,0.109375,0,0.1875,1.03235,0.109375,0,0.09375,0,0.109375,0.466667,0.09375,0,0.125,0,0.09375,0.8,
119,25,2,0.109375,0,0.171875,1.30708,0.109375,0,0.078125,0,0.109375,0,0.109375,0,0.0625,0,0.1875,0.6,0.15625,0.988562,0.140625,0.133333,0.109375,0,0.140625,0.133333,0.109375,0,0.09375,0,0.109375,0,0.09375,0,0.109375,0.866667,0.15625,0.866667,0.09375,0,0.171875,1.15425,0.109375,0.533333,0.125,0.666667,0.15625,1.00474,0.09375,0,0.109375,0,
120,25,2,0.1875,0.533333,0.15625,0,0.125,0.6,0.09375,0,0.1875,0.533333,0.125,0,0.15625,1.3347,0.15625,0.882843,0.09375,0.466667,0.0625,0,0.125,0,0.109375,0.133333,0.09375,0,0.109375,0,0.09375,0.333333,0.109375,0,0.140625,0.8,0.125,0.816176,0.09375,0,0.109375,0,0.203125,1.11519,0.109375,0,0.171875,0.6,0.125,0,0.15625,0,
121,25,2,0.109375,0,0.125,0.6,0.109375,0.533333,0.15625,0,0.09375,0.2,0.09375,0,0.140625,0.266667,0.109375,0,0.125,0,0.125,0,0.15625,0.882843,0.109375,0,0.140625,0.133333,0.125,0,0.09375,0.2,0.109375,0,0.109375,0.933333,0.109375,0,0.109375,0,0.125,0,0.15625,1.23709,0.109375,0,0.140625,0.266667,0.1875,0.533333,0.109375,0,
122,25,2,0.109375,0,0.109375,0.8,0.09375,0,0.109375,0,0.109375,0,0.171875,0.533333,0.109375,0,0.125,0.533333,0.09375,0.2,0.125,0,0.109375,0,0.109375,0,0.125,0.4,0.109375,0.866667,0.0625,0,0.109375,0,0.109375,0.466667,0.09375,0.533333,0.109375,0.533333,0.109375,0,0.109375,0,0.09375,0,0.109375,0.866667,0.09375,0,0.09375,0.533333,
123,25,2,0.09375,0.466667,0.109375,0,0.109375,0,0.109375,0,0.109375,0,0.09375,0,0.1875,0.533333,0.15625,0,0.109375,0,0.078125,0.333333,0.15625,0,0.09375,0,0.0625,0,0.09375,0.933333,0.09375,0.133333,0.109375,0,0.140625,0.133333,0.15625,0,0.109375,0,0.09375,0,0.203125,1.02091,0.109375,0,0.125,0.533333,0.140625,0.988562,0.140625,0.133333,
124,25,2,0.109375,0,0.109375,0,0.09375,0,0.125,0,0.109375,0,0.09375,0.0666667,0.125,0,0.125,0.4,0.109375,0,0.109375,0,0.09375,0.0666667,0.140625,0.0666667,0.203125,1.01618,0.078125,0,0.078125,0,0.1875,0.533333,0.09375,0,0.125,0.4,0.078125,0.4,0.15625,0,0.109375,0,0.125,0,0.15625,0.866667,0.125,0.4,0.09375,0,
125,25,2,0.15625,0,0.109375,0,0.21875,0.9933,0.078125,0.266667,0.125,0.333333,0.15625,0,0.125,0,0.109375,0.8,0.09375,0,0.125,0.733333,0.078125,0,0.125,0.333333,0.09375,0,0.109375,0,0.09375,0,0.109375,0,0.15625,0,0.078125,0,0.109375,0,0.125,0,0.125,0.6,0.15625,0,0.15625,0,0.15625,0,0.109375,0,
126,25,2,0.09375,0,0.109375,0,0.109375,0,0.140625,0.133333,0.125,0.4,0.140625,1.12663,0.140625,0.4,0.140625,0.0666667,0.109375,0,0.109375,0,0.109375,0,0.109375,0,0.125,0,0.109375,0,0.1875,0.466667,0.09375,0,0.109375,0.466667,0.109375,0.933333,0.171875,1.00474,0.15625,0,0.125,0,0.09375,0,0.1875,0.466667,0.140625,0.133333,0.0625,0,
127,25,2,0.078125,0.733333,0.109375,0,0.171875,0.733333,0.140625,0.733333,0.109375,0.133333,0.109375,0,0.09375,0,0.140625,1.09902,0.125,1.29232,0.125,0.666667,0.109375,0,0.109375,0,0.125,0.466667,0.109375,0.8,0.125,0,0.171875,0.733333,0.125,1.46183,0.140625,0.733333,0.109375,0,0.09375,0,0.1875,0.466667,0.125,1.00474,0.109375,0,0.140625,0.133333,0.171875,0.466667,
128,25,2,0.171875,0.733333,0.21875,0.899019,0.09375,0,0.15625,0,0.15625,0,0.09375,0.733333,0.125,0.733333,0.109375,0,0.125,0,0.171875,1.18209,0.09375,0,0.09375,0,0.125,0,0.140625,0.866667,0.109375,0,0.125,0.4,0.125,0,0.125,0,0.125,0,0.171875,0.4,0.125,0.266667,0.125,0.266667,0.171875,1.18209,0.09375,0,0.125,0.4,
129,25,2,0.09375,0,0.140625,0,0.09375,0,0.109375,0,0.125,0,0.140625,0,0.125,0,0.0625,0,0.109375,0,0.09375,0,0.109375,0,0.203125,0.866667,0.125,0.6,0.109375,0,0.109375,0,0.125,0.733333,0.125,0,0.125,0.466667,0.140625,0,0.15625,0.8,0.15625,0,0.140625,0,0.125,0,0.09375,0,0.140625,0,
130,25,2,0.140625,0,0.109375,0,0.15625,0,0.125,0,0.109375,0,0.171875,0.733333,0.125,0.266667,0.125,0.266667,0.15625,1.14281,0.09375,0.533333,0.140625,0.988562,0.140625,0,0.09375,0.6,0.125,0,0.125,0.266667,0.09375,0,0.125,0.266667,0.140625,0,0.125,0,0.125,0,0.109375,0,0.109375,0,0.109375,0,0.09375,0,0.125,0.266667,
131,25,2,0.125,0.2,0.140625,0,0.109375,0,0.15625,0.855228,0.09375,0,0.125,0,0.09375,0.8,0.09375,0,0.171875,1.06662,0.109375,0,0.109375,0,0.09375,0,0.109375,0,0.1875,0.4,0.125,0,0.125,0,0.109375,0,0.09375,0,0.09375,0,0.109375,0,0.09375,0,0.140625,0,0.109375,0.733333,0.125,0,0.171875,0.666667,
132,25,2,0.125,0,0.09375,0.466667,0.09375,0,0.078125,0,0.109375,0,0.09375,0,0.109375,0,0.09375,0.133333,0.171875,1.00474,0.1875,0.933333,0.109375,0,0.109375,0,0.125,0,0.15625,0.733333,0.15625,0.988562,0.078125,0,0.125,0.8,0.171875,0.4,0.109375,0,0.140625,0.8,0.09375,0,0.21875,0.804738,0.15625,0,0.125,0.6,0.125,1.19804,
133,25,2,0.109375,0.4,0.109375,0,0.125,0.133333,0.15625,0,0.046875,0,0.1875,0.266667,0.109375,0,0.15625,0,0.140625,0,0.125,0.855228,0.109375,0,0.1875,0.266667,0.1875,0.266667,0.109375,0.4,0.078125,0,0.109375,0,0.078125,0,0.125,0,0.171875,0.929959,0.09375,0,0.09375,0,0.140625,0,0.109375,0,0.109375,0,0.15625,0,
134,25,2,0.140625,0.733333,0.109375,0.4,0.1875,0.333333,0.171875,0.333333,0.09375,0,0.171875,0.765685,0.09375,0,0.125,0,0.09375,0.8,0.125,0,0.15625,0,0.140625,0,0.125,0,0.125,0,0.15625,0.977124,0.078125,0,0.109375,0,0.125,0.133333,0.109375,0.866667,0.109375,0,0.171875,0.333333,0.140625,0.921895,0.1875,0.333333,0.125,0,0.125,0.333333,
135,25,2,0.125,1.18186,0.171875,0.765685,0.15625,0,0.15625,0,0.140625,0,0.171875,0.666667,0.140625,0,0.109375,0,0.109375,0,0.09375,0,0.09375,0,0.125,0.6,0.09375,0,0.109375,0.333333,0.125,0.0666667,0.109375,0,0.109375,0,0.15625,0.866667,0.125,0.733333,0.125,0.2,0.1875,0.333333,0.109375,0,0.109375,0,0.125,0.2,0.140625,0,
136,25,2,0.09375,0,0.09375,0,0.171875,0.6,0.109375,0,0.1875,0.8,0.125,0.0666667,0.09375,0.8,0.1875,0.2,0.15625,0.733333,0.109375,0,0.0625,0.266667,0.125,0,0.15625,0,0.15625,0,0.109375,0,0.09375,0.866667,0.171875,0.6,0.09375,0,0.109375,0,0.109375,0.266667,0.09375,0.133333,0.15625,0,0.1875,0.2,0.125,0,0.125,0,
137,25,2,0.125,0,0.109375,0,0.03125,0,0.09375,0.333333,0.09375,0,0.125,0,0.109375,0.866667,0.125,0,0.09375,0,0.15625,0,0.1875,0.866667,0.09375,0.333333,0.109375,0,0.15625,0.733333,0.125,0,0.109375,0,0.109375,0,0.109375,0,0.046875,0,0.125,0,0.125,0.0666667,0.09375,0,0.078125,0,0.15625,0.666667,0.109375,0,
138,25,2,0.15625,0,0.140625,0,0.09375,0.333333,0.078125,0.133333,0.125,0,0.109375,0,0.109375,0,0.125,0,0.109375,0,0.15625,0.6,0.109375,0,0.09375,0,0.109375,0,0.125,0,0.03125,0,0.09375,0,0.078125,0,0.046875,0.133333,0.125,0.0666667,0.09375,0.333333,0.078125,0,0.125,0,0.140625,0,0.078125,0,0.109375,0.666667,
139,25,2,0.109375,0.0666667,0.0625,0,0.09375,0,0.125,0,0.15625,0,0.078125,0.266667,0.109375,0,0.125,0,0.125,0,0.125,0,0.109375,0,0.109375,0,0.109375,0,0.109375,0.6,0.109375,0,0.125,0.266667,0.109375,0.6,0.171875,0.333333,0.109375,0,0.0625,0,0.140625,0,0.140625,0,0.125,0,0.109375,0,0.09375,0,
140,25,2,0.09375,0,0.09375,0.933333,0.125,0.266667,0.109375,0,0.15625,0,0.109375,0,0.09375,0,0.09375,0,0.1875,0.133333,0.140625,0,0.125,0,0.078125,0.266667,0.125,0,0.171875,0.666667,0.15625,0,0.125,0,0.125,0.733333,0.21875,0.804738,0.078125,0,0.09375,0,0.09375,0,0.140625,0,0.140625,0,0.109375,0.466667,0.125,0,
141,25,2,0.125,0,0.140625,0,0.125,0,0.125,0,0.140625,0.733333,0.109375,0,0.15625,0,0.203125,0.866667,0.09375,0,0.109375,0,0.1875,0.0666667,0.109375,0,0.140625,0,0.109375,0,0.15625,0.533333,0.125,0,0.15625,0,0.09375,0,0.109375,0,0.09375,0,0.125,0.2,0.1875,0.0666667,0.140625,0,0.09375,0,0.15625,0,
142,25,2,0.140625,0.8,0.078125,0,0.109375,0,0.109375,0.6,0.078125,0,0.171875,0.266667,0.15625,0.855228,0.125,0.2,0.140625,0,0.109375,0,0.15625,0,0.109375,0.8,0.140625,0.8,0.109375,0,0.171875,0.738071,0.109375,0,0.109375,0,0.140625,0,0.140625,0.866667,0.140625,0,0.09375,0,0.125,0,0.140625,0,0.125,0,0.15625,0,
143,25,2,0.078125,0,0.125,0.8,0.125,0,0.109375,0,0.140625,0,0.171875,0.133333,0.21875,0.777124,0.125,0,0.109375,0.8,0.15625,0,0.15625,0,0.140625,0.666667,0.09375,0,0.140625,0,0.078125,0,0.109375,0,0.109375,0,0.125,0.8,0.125,0.6,0.09375,0,0.171875,0.133333,0.171875,0.6,0.125,0,0.171875,0.133333,0.109375,0,
144,25,2,0.109375,0,0.140625,0.866667,0.15625,0.666667,0.125,0,0.09375,0,0.109375,0,0.078125,0,0.125,0.866667,0.125,0,0.109375,0,0.109375,0.533333,0.15625,0,0.109375,0,0.125,0,0.109375,0,0.109375,0,0.109375,0,0.15625,0.866667,0.125,0,0.109375,0.266667,0.109375,0,0.1875,0,0.125,0.2,0.140625,0.8,0.09375,0.4,
145,25,2,0.125,0.8,0.171875,0.733333,0.140625,0.733333,0.109375,0.733333,0.140625,0.933333,0.15625,0.533333,0.15625,0,0.125,0,0.15625,0,0.109375,0.733333,0.109375,0,0.125,0.8,0.171875,0.266667,0.125,0.666667,0.125,0,0.109375,0,0.125,0,0.09375,0.0666667,0.125,0,0.1875,0,0.125,0,0.109375,0.266667,0.15625,0.933333,0.125,0,0.15625,0.760948,
146,25,2,0.109375,0.266667,0.1875,0,0.140625,0,0.125,0,0.140625,0,0.09375,0.4,0.09375,0,0.125,0,0.15625,0.866667,0.140625,0,0.15625,0.533333,0.171875,0.133333,0.140625,0,0.09375,0,0.15625,0,0.109375,0,0.125,0.0666667,0.109375,0,0.109375,0,0.109375,0,0.203125,0.816176,0.171875,0.133333,0.125,0.0666667,0.1875,0,0.078125,0.2,
147,25,2,0.15625,0,0.1875,0,0.125,0,0.109375,0,0.15625,0,0.140625,0.666667,0.1875,0.894281,0.109375,0,0.078125,0,0.078125,0,0.109375,0.533333,0.09375,0,0.140625,1.20948,0.109375,0,0.109375,0,0.15625,0,0.171875,0.588562,0.109375,0,0.125,0.6,0.109375,0,0.140625,0,0.1875,0.894281,0.125,0,0.140625,0,0.171875,0.533333,
148,25,2,0.140625,0,0.140625,0,0.140625,0,0.15625,0,0.171875,0.533333,0.203125,0.8,0.140625,0,0.15625,0,0.1875,0,0.15625,0,0.140625,0.8,0.109375,0,0.1875,0.8,0.15625,0,0.125,0,0.09375,0.333333,0.109375,0,0.171875,0.0666667,0.09375,0,0.109375,0,0.140625,0,0.125,0,0.140625,0,0.125,0,0.171875,0.0666667,
149,25,2,0.125,0.533333,0.125,0,0.109375,0,0.1875,0,0.125,1.15425,0.1875,0,0.15625,0,0.15625,0,0.15625,0,0.171875,0.0666667,0.109375,0,0.109375,0.8,0.109375,0,0.078125,0,0.140625,1.23709,0.125,0.733333,0.21875,0.655228,0.125,0,0.078125,0,0.125,0.533333,0.125,0,0.109375,0,0.15625,0,0.125,0,0.109375,0.2,
150,25,2,0.15625,0,0.140625,0,0.125,0,0.09375,0,0.203125,0.733333,0.140625,0.8,0.125,0,0.125,0,0.109375,0,0.125,0,0.09375,0.466667,0.140625,0,0.109375,0,0.109375,0,0.125,0,0.140625,0,0.140625,0.6,0.109375,0,0.171875,0.533333,0.125,0,0.109375,0.133333,0.125,0,0.15625,0,0.15625,0.533333,0.109375,0,
151,25,2,0.125,0.533333,0.1875,0,0.171875,0,0.140625,0,0.125,0,0.109375,0,0.140625,0,0.125,0,0.15625,0,0.140625,0,0.1875,0,0.109375,0,0.109375,0.466667,0.15625,0,0.109375,0,0.125,0,0.09375,0,0.109375,0,0.15625,1.04379,0.140625,0.8,0.15625,0,0.125,0.533333,0.125,0,0.171875,0,0.078125,0,
152,25,2,0.140625,0,0.125,0,0.171875,0.533333,0.09375,0,0.15625,0,0.125,0,0.140625,0,0.203125,0.760948,0.21875,0.533333,0.15625,0.466667,0.109375,0,0.125,0,0.1875,1.18186,0.140625,0,0.125,0,0.09375,0.0666667,0.125,0,0.109375,0,0.1875,0,0.109375,0,0.109375,0,0.09375,0,0.140625,0,0.15625,0,0.1875,0,
153,25,2,0.15625,0,0.109375,0,0.078125,0,0.109375,0,0.140625,0,0.203125,0.694281,0.109375,0,0.140625,0,0.1875,0,0.1875,0,0.109375,0,0.140625,0.733333,0.125,0.533333,0.171875,0.8,0.109375,0,0.140625,0,0.171875,0.733333,0.15625,0.866667,0.078125,0,0.15625,0,0.140625,0.666667,0.1875,0,0.140625,0,0.1875,0,0.109375,0,
154,25,2,0.078125,0,0.109375,0,0.140625,0,0.171875,0,0.125,0,0.171875,0,0.109375,0,0.15625,0,0.171875,0.616176,0.15625,0,0.21875,0.533333,0.109375,0,0.109375,0,0.15625,0,0.171875,0,0.125,0,0.1875,0,0.140625,0,0.09375,0,0.109375,0,0.171875,0.533333,0.109375,0,0.1875,0,0.125,0.8,0.140625,0,
155,25,2,0.140625,0,0.171875,0.466667,0.140625,0,0.140625,0,0.109375,0,0.15625,0.866667,0.0625,0,0.125,0,0.078125,0,0.203125,0.866667,0.09375,0,0.1875,0,0.140625,0.9933,0.140625,0,0.078125,0,0.109375,0.466667,0.171875,0.666667,0.109375,0.0666667,0.078125,0,0.125,0,0.0625,0,0.140625,0,0.1875,0,0.15625,0,0.125,0,
156,25,2,0.15625,0,0.203125,0.666667,0.109375,0,0.140625,0,0.109375,0,0.15625,0,0.09375,0,0.09375,0,0.109375,0,0.125,0,0.140625,0,0.1875,0.866667,0.125,0.6,0.109375,0,0.125,0.733333,0.125,0,0.15625,0,0.125,0,0.140625,0,0.1875,0.8,0.15625,0,0.09375,0,0.09375,0,0.15625,0,0.125,0,
157,25,2,0.15625,0.333333,0.125,0,0.125,0,0.15625,0,0.0625,0,0.140625,0,0.15625,0.333333,0.140625,0,0.125,0.733333,0.109375,0,0.078125,0,0.15625,0,0.203125,0.866667,0.140625,0,0.125,0,0.1875,1.03235,0.109375,0,0.125,0,0.125,0,0.078125,0,0.15625,0,0.109375,0.533333,0.140625,0,0.15625,0,0.140625,0,
158,25,2,0.140625,0,0.125,0,0.09375,0,0.125,0,0.15625,0.4,0.1875,0,0.09375,0,0.125,0,0.109375,0,0.078125,0,0.15625,0.866667,0.140625,0,0.15625,0,0.125,0,0.1875,0.733333,0.171875,0.616176,0.15625,0,0.15625,0.6,0.140625,0,0.171875,0.466667,0.140625,0,0.140625,0,0.1875,0,0.109375,0,0.15625,0,
159,25,2,0.140625,0,0.125,0,0.1875,0,0.15625,0,0.171875,0.866667,0.09375,0,0.109375,0.0666667,0.09375,0,0.109375,0,0.125,0,0.1875,0,0.140625,0.666667,0.109375,0,0.1875,0,0.15625,0,0.09375,0.333333,0.125,0,0.125,0,0.140625,0,0.125,0.533333,0.15625,0,0.109375,0,0.140625,0,0.15625,0.533333,0.140625,0.666667,
160,25,2,0.125,0,0.125,0,0.140625,0,0.15625,0,0.171875,0.588562,0.140625,0,0.109375,0,0.171875,0.333333,0.109375,0,0.15625,0,0.109375,0,0.125,0,0.171875,0.333333,0.15625,0.733333,0.078125,0,0.140625,0.804738,0.15625,0,0.140625,0.533333,0.125,0.6,0.109375,0,0.140625,0.804738,0.15625,1.23709,0.15625,0,0.1875,0,0.15625,0,
161,25,2,0.140625,0,0.1875,0,0.1875,0,0.1875,0,0.203125,0.666667,0.09375,0,0.078125,0,0.125,0,0.125,0.533333,0.125,0.533333,0.1875,0.8,0.109375,0.4,0.09375,0,0.1875,0.965685,0.140625,0,0.1875,0,0.15625,0.8,0.140625,0,0.109375,0,0.125,0,0.125,0,0.125,0.533333,0.15625,0,0.15625,0,0.140625,0.466667,
162,25,2,0.15625,0,0.109375,0,0.15625,0.533333,0.15625,0.4,0.140625,0,0.15625,0,0.171875,0.333333,0.171875,0.666667,0.125,0,0.21875,0.533333,0.1875,0,0.109375,0,0.125,0,0.15625,0.894281,0.09375,0,0.140625,0,0.140625,0.666667,0.09375,0,0.09375,0,0.171875,0.494281,0.125,0.533333,0.140625,0,0.125,0,0.125,0,0.109375,0,
163,25,2,0.09375,0,0.140625,0,0.09375,0,0.171875,0,0.203125,1.34304,0.15625,0,0.140625,0,0.109375,0,0.125,0,0.21875,0.533333,0.09375,0.866667,0.09375,0,0.140625,0,0.125,0,0.125,0,0.125,0,0.125,0,0.125,0,0.125,0,0.15625,0,0.140625,0,0.125,0,0.109375,0,0.125,0,0.125,0.8,
164,25,2,0.1875,0.933333,0.078125,0,0.109375,0.133333,0.125,0,0.15625,0,0.15625,0,0.125,0,0.15625,0,0.078125,0.733333,0.15625,0,0.1875,0,0.09375,0,0.125,0,0.15625,0,0.09375,0,0.125,0.733333,0.125,0,0.109375,0,0.125,0,0.125,0,0.140625,0.4,0.109375,0,0.109375,0,0.140625,1.12663,0.125,0,
165,25,2,0.140625,0,0.09375,0,0.125,0,0.078125,0,0.109375,0,0.109375,0.4,0.125,0,0.140625,0,0.171875,0.333333,0.140625,0,0.125,0,0.15625,0.866667,0.15625,0.333333,0.09375,0,0.125,0,0.171875,0.666667,0.125,0.666667,0.140625,0,0.171875,0.977124,0.203125,0.666667,0.15625,0,0.15625,0,0.109375,0,0.109375,0,0.109375,0,
166,25,2,0.125,0,0.15625,0,0.15625,0.866667,0.21875,0.533333,0.125,0,0.15625,0,0.15625,0.266667,0.078125,0.6,0.15625,0,0.171875,0.8,0.1875,0,0.125,0,0.140625,0,0.125,1.00474,0.140625,0.733333,0.1875,0,0.125,0.533333,0.109375,0,0.140625,0,0.15625,1.20948,0.125,0.6,0.15625,0,0.109375,0,0.09375,0.8,0.09375,0,
167,25,2,0.15625,0.8,0.1875,0,0.15625,0,0.09375,0.666667,0.109375,0,0.125,0,0.171875,0.333333,0.21875,0.4,0.078125,0,0.171875,0,0.109375,0,0.1875,0,0.09375,0,0.140625,0,0.140625,0,0.109375,0,0.125,0,0.109375,0,0.109375,0.333333,0.140625,0,0.125,0.533333,0.125,0.533333,0.140625,0.333333,0.125,1.04853,0.21875,0.4,
168,25,2,0.15625,0,0.09375,0,0.1875,0.6,0.125,0,0.1875,0.816176,0.140625,0,0.15625,0.266667,0.1875,0,0.109375,0,0.1875,0.8,0.15625,0,0.15625,0,0.125,0,0.109375,0,0.1875,0.866667,0.109375,0,0.109375,0,0.140625,0,0.109375,0.866667,0.125,0,0.109375,0,0.171875,0.266667,0.1875,0.6,0.109375,0,0.1875,0.6,
169,25,2,0.125,0,0.125,0,0.109375,0,0.140625,0,0.15625,0,0.125,0.666667,0.03125,0,0.125,0,0.125,0,0.15625,0,0.21875,0.466667,0.109375,0,0.203125,0.866667,0.15625,0,0.140625,0.466667,0.109375,0,0.125,0,0.1875,0,0.15625,0,0.109375,0,0.109375,0,0.15625,0,0.109375,0,0.15625,0,0.109375,0,
170,25,2,0.125,0,0.125,0,0.109375,0.8,0.171875,0.333333,0.140625,0,0.109375,0,0.15625,0,0.109375,0,0.109375,0,0.15625,0,0.140625,0,0.203125,0.8,0.203125,0.6,0.15625,0.533333,0.140625,0,0.109375,0.333333,0.15625,0,0.109375,0,0.171875,0.333333,0.125,0,0.09375,0,0.15625,0,0.109375,0,0.140625,0,0.125,0.466667,
171,25,2,0.171875,0,0.125,0,0.125,0,0.109375,0,0.140625,0.84379,0.125,0,0.1875,0,0.140625,0,0.109375,0,0.125,0,0.125,0,0.171875,0.266667,0.1875,0.866667,0.203125,0.666667,0.125,0,0.109375,0,0.171875,0,0.125,0,0.09375,0,0.140625,0.466667,0.125,0,0.125,0,0.171875,0.855228,0.125,0,0.09375,0,
172,25,2,0.15625,0,0.21875,0.333333,0.125,0,0.09375,0,0.21875,0.333333,0.125,0,0.140625,0.666667,0.125,0,0.140625,0,0.109375,0,0.1875,0,0.140625,0,0.09375,0.333333,0.1875,0,0.125,0.4,0.140625,0,0.15625,0.266667,0.21875,0.333333,0.125,0,0.1875,0,0.15625,0,0.203125,0.6,0.15625,0,0.125,0,0.15625,0,
173,25,2,0.140625,0,0.125,0,0.171875,0,0.140625,0,0.109375,0,0.09375,0,0.15625,0,0.140625,0,0.09375,0,0.109375,0,0.125,0.533333,0.140625,0,0.15625,0,0.203125,0.533333,0.1875,0,0.078125,0,0.1875,0,0.109375,0,0.1875,0.8,0.171875,1.42588,0.1875,0,0.171875,0.2,0.21875,0.266667,0.171875,0.933333,0.1875,0.666667,
174,25,2,0.125,0,0.21875,1.09902,0.09375,0,0.109375,0,0.171875,0.266667,0.140625,0,0.109375,0,0.125,0.6,0.171875,0,0.203125,0.466667,0.1875,0,0.1875,0,0.109375,0,0.1875,0,0.125,0,0.21875,0.266667,0.140625,0.866667,0.1875,0,0.1875,0,0.140625,0.666667,0.09375,0.266667,0.109375,0,0.09375,0.266667,0.140625,0.466667,0.109375,0,
175,25,2,0.15625,0.4,0.15625,0.4,0.171875,0.133333,0.15625,0.2,0.109375,0,0.09375,0,0.140625,0,0.125,0.533333,0.09375,0,0.140625,0.84379,0.171875,0.133333,0.21875,0.266667,0.109375,0,0.140625,0,0.140625,0,0.125,0,0.09375,0.333333,0.09375,0.4,0.125,0.333333,0.125,0,0.09375,0,0.109375,0.333333,0.125,0,0.125,0,0.15625,0,
176,25,2,0.109375,0.0666667,0.09375,0,0.125,0,0.125,0,0.109375,0,0.109375,0,0.109375,0,0.15625,0,0.109375,0,0.125,0.333333,0.140625,0,0.140625,0,0.109375,0,0.109375,0,0.109375,0,0.15625,0,0.125,0,0.109375,0,0.125,0,0.109375,0,0.140625,0,0.203125,0.733333,0.09375,0,0.140625,0.6,0.1875,0,
177,25,2,0.109375,0,0.1875,0,0.140625,0.533333,0.171875,0,0.09375,0.733333,0.1875,0,0.109375,0,0.21875,0.266667,0.09375,0,0.125,0,0.140625,0,0.140625,0,0.125,0,0.1875,0.6,0.109375,0,0.15625,0,0.140625,0,0.15625,0,0.140625,0,0.15625,0,0.140625,0,0.140625,0,0.125,0,0.125,0,0.109375,0,
178,25,2,0.125,0.921895,0.109375,0,0.1875,0,0.171875,0.866667,0.09375,0,0.125,0,0.171875,0,0.125,0,0.125,0,0.1875,0,0.125,0,0.171875,0,0.171875,0,0.171875,0,0.109375,0,0.171875,0.2,0.21875,0.2,0.125,0,0.109375,0,0.109375,0,0.1875,0,0.15625,0,0.171875,0,0.140625,0,0.125,0,
179,25,2,0.125,0,0.171875,0.0666667,0.109375,0,0.171875,0,0.09375,0,0.171875,0,0.109375,0,0.171875,0.0666667,0.109375,0,0.15625,0,0.140625,0,0.109375,0,0.109375,0,0.125,0,0.125,0,0.125,0.533333,0.09375,0.333333,0.1875,0,0.125,0,0.1875,0,0.125,0,0.171875,0.0666667,0.125,0,0.125,0.333333,0.203125,0.6,
180,25,2,0.21875,0.133333,0.140625,0,0.171875,0,0.140625,0.266667,0.15625,0.8,0.109375,0,0.171875,0,0.09375,0,0.140625,0.466667,0.140625,0.8,0.125,0,0.109375,0,0.109375,0,0.125,0,0.171875,0,0.140625,0.266667,0.171875,0,0.15625,0,0.09375,0,0.109375,0,0.15625,0.2,0.109375,0,0.109375,0,0.140625,0,0.078125,0,
181,25,2,0.203125,0.333333,0.15625,0,0.078125,0,0.171875,0,0.078125,0.133333,0.203125,0.333333,0.125,0.666667,0.140625,0,0.171875,0.666667,0.125,0.988562,0.125,0,0.140625,0,0.125,0,0.15625,0,0.1875,0,0.09375,0,0.15625,0.466667,0.109375,0,0.15625,0,0.171875,0,0.1875,0,0.09375,0,0.125,0,0.109375,0.8,0.125,0,
182,25,2,0.109375,0,0.140625,0,0.203125,0.333333,0.125,0,0.140625,0,0.109375,0,0.140625,0.466667,0.109375,0,0.1875,0.733333,0.109375,0,0.171875,0.0666667,0.171875,0,0.21875,0.0666667,0.140625,0,0.140625,0,0.140625,0,0.15625,0,0.109375,0,0.140625,0.4,0.140625,0.6,0.109375,0.8,0.15625,0,0.1875,0,0.09375,0,0.140625,0,
183,25,2,0.125,0,0.203125,0.266667,0.125,0,0.15625,0.0666667,0.109375,0,0.140625,0,0.15625,0.8,0.15625,0.666667,0.125,0,0.140625,0,0.15625,0,0.15625,0,0.09375,0.6,0.109375,0.8,0.15625,0.666667,0.15625,0,0.203125,0.6,0.140625,0.866667,0.15625,0.466667,0.15625,0,0.109375,0,0.1875,0,0.15625,0.0666667,0.140625,0,0.109375,0,
184,25,2,0.125,0,0.09375,0,0.09375,0,0.109375,0,0.1875,0,0.140625,0.4,0.125,0.533333,0.171875,0,0.171875,0,0.109375,0,0.109375,0,0.109375,0,0.109375,0.333333,0.140625,0.949509,0.125,0,0.1875,0,0.109375,0,0.125,0,0.109375,0,0.109375,0,0.125,0,0.140625,1.0714,0.125,0,0.140625,0.788562,0.109375,0,
185,25,2,0.09375,0.333333,0.15625,0,0.125,0,0.203125,0.733333,0.140625,0.4,0.1875,0.533333,0.1875,0,0.15625,0,0.15625,0,0.1875,0,0.1875,0,0.078125,0,0.203125,0.6,0.109375,0,0.140625,0,0.203125,0.266667,0.125,0,0.140625,0,0.1875,0.8,0.171875,0,0.1875,0.533333,0.1875,0,0.140625,0.866667,0.15625,0.733333,0.125,0,
186,25,2,0.15625,0.466667,0.109375,0,0.078125,0.133333,0.171875,0.6,0.109375,0,0.140625,0,0.078125,0,0.125,0.666667,0.203125,0.933333,0.15625,0,0.171875,0,0.125,0,0.171875,0.0666667,0.171875,0,0.140625,0,0.125,0.533333,0.140625,0,0.15625,0,0.1875,0,0.171875,0,0.15625,0.733333,0.125,0,0.109375,0,0.140625,0.4,0.1875,0.8,
187,25,2,0.125,0,0.109375,0,0.203125,0.533333,0.09375,0.333333,0.09375,0.8,0.140625,0.266667,0.125,0.466667,0.171875,0.6,0.1875,0,0.125,0,0.109375,0,0.140625,0,0.1875,0,0.171875,0,0.203125,0.933333,0.15625,0,0.171875,0,0.171875,0,0.109375,0,0.0625,0,0.140625,0,0.109375,0.733333,0.125,0,0.109375,0,0.125,0,
188,25,2,0.15625,0,0.1875,0.733333,0.15625,0,0.15625,0,0.1875,0.533333,0.15625,0.733333,0.09375,0.333333,0.1875,0.933333,0.078125,0.133333,0.09375,0,0.1875,0,0.1875,0,0.1875,0.733333,0.140625,0,0.140625,0.8,0.09375,0,0.125,0,0.15625,0,0.09375,0.733333,0.078125,0,0.171875,0,0.15625,0,0.109375,0,0.125,0,0.203125,0.466667,
189,25,2,0.21875,1.20948,0.125,0.666667,0.140625,0,0.09375,0,0.078125,0,0.125,0,0.15625,0.733333,0.15625,0,0.125,0,0.203125,0.266667,0.140625,0,0.109375,0,0.125,0.266667,0.140625,0.4,0.1875,0,0.140625,0,0.125,0,0.140625,0.866667,0.125,0.533333,0.109375,0,0.1875,0,0.125,0,0.125,0,0.171875,0,0.109375,0.266667,
190,25,2,0.125,0,0.15625,0,0.171875,0.6,0.109375,0,0.109375,0,0.09375,0,0.1875,0,0.1875,0,0.125,0,0.171875,0,0.203125,0.733333,0.09375,0,0.125,0,0.15625,0.666667,0.109375,0,0.140625,0,0.1875,0.466667,0.1875,0,0.109375,0,0.21875,0,0.1875,0,0.1875,0,0.109375,0,0.1875,0,0.078125,0,
191,25,2,0.171875,0,0.15625,0.666667,0.140625,0,0.125,0,0.140625,0.4,0.15625,0.0666667,0.1875,0,0.140625,0,0.1875,0,0.15625,0,0.109375,0,0.09375,0.333333,0.125,0,0.109375,0,0.15625,0,0.171875,0,0.21875,0,0.109375,0,0.078125,0,0.1875,0,0.109375,0,0.09375,0,0.125,0,0.125,0,0.125,0,
192,25,2,0.109375,0,0.15625,0,0.140625,0,0.203125,0.0666667,0.140625,0,0.21875,0,0.109375,0,0.140625,0.4,0.203125,0.0666667,0.109375,0,0.125,0.2,0.109375,0,0.1875,0,0.1875,0,0.09375,0,0.15625,0,0.125,0,0.109375,0,0.109375,0,0.125,0,0.203125,0.0666667,0.09375,0,0.125,0,0.125,0,0.15625,0,
193,25,2,0.1875,0,0.109375,0,0.15625,0,0.1875,0.666667,0.1875,0,0.109375,0,0.203125,0.2,0.125,0,0.171875,0,0.125,0,0.109375,0,0.125,0,0.09375,0,0.1875,0,0.09375,0,0.109375,0,0.171875,0,0.109375,0.2,0.15625,0,0.125,0,0.15625,0.466667,0.171875,0,0.15625,0.8,0.171875,0,0.125,0.533333,
194,25,2,0.171875,0,0.125,0,0.171875,0,0.171875,0.8,0.15625,0,0.125,0,0.203125,0.133333,0.140625,0.866667,0.171875,0.8,0.09375,0,0.1875,0,0.171875,0.6,0.109375,0,0.15625,0.733333,0.1875,0.4,0.1875,0,0.1875,0.4,0.140625,0.333333,0.078125,0,0.1875,0,0.15625,0,0.109375,0,0.140625,0.866667,0.203125,0.466667,0.15625,0.8,
195,25,2,0.125,0,0.140625,0,0.09375,0.266667,0.1875,0,0.125,0,0.078125,0,0.109375,0,0.09375,0,0.140625,0.8,0.171875,0,0.1875,0,0.171875,0,0.15625,0,0.15625,0.733333,0.15625,0,0.140625,0.933333,0.125,0,0.15625,0.733333,0.140625,0.733333,0.125,0.2,0.15625,0,0.1875,0,0.140625,0,0.140625,0,0.140625,0,
196,25,2,0.140625,0,0.15625,0,0.125,0,0.125,0.949509,0.140625,0.827614,0.078125,0,0.1875,0.6,0.125,0,0.109375,0,0.109375,0,0.125,0,0.109375,0,0.140625,0,0.21875,0,0.140625,0,0.15625,0,0.109375,0,0.203125,0.0666667,0.1875,0.6,0.140625,0,0.09375,0.266667,0.078125,0,0.15625,0.933333,0.109375,0,0.109375,0,
197,25,2,0.125,0,0.21875,0,0.140625,0.666667,0.125,0.466667,0.140625,0,0.171875,0,0.125,0,0.171875,0,0.171875,0,0.109375,0,0.109375,0.0666667,0.21875,0,0.1875,0,0.171875,0,0.09375,0,0.125,0.2,0.21875,0,0.140625,0,0.109375,0.0666667,0.125,0,0.171875,0,0.21875,0,0.15625,0,0.09375,0.2,0.21875,0,
198,25,2,0.171875,0,0.140625,0,0.15625,0,0.140625,0,0.125,0,0.171875,0,0.109375,0.8,0.109375,0,0.109375,0,0.1875,0,0.1875,0,0.109375,0,0.1875,0,0.140625,0.266667,0.15625,0.4,0.15625,0,0.203125,0.466667,0.1875,0,0.109375,0,0.21875,0,0.171875,0.733333,0.109375,0,0.125,0,0.1875,0,0.1875,0,
199,25,2,0.140625,0,0.21875,0,0.09375,0,0.140625,0,0.125,0.855228,0.1875,0,0.171875,0.8,0.1875,0,0.1875,0,0.171875,0.6,0.15625,0,0.140625,0,0.09375,0,0.109375,0.0666667,0.1875,0.6,0.15625,0,0.15625,0,0.140625,0,0.15625,0,0.1875,0,0.15625,0,0.1875,0,0.1875,0.6,0.109375,0,0.09375,0.2,
